,keywords,name,url
0,[],인체 공학 - Apple 지원,https://support.apple.com/ko-kr/HT205655
1,[],생각의_틀,https://docs.google.com/document/d/1UMLZQJdTbxw9QeCHKgZ7Cec-EtQ3qxYARUD1Wah_Gk0/edit#
2,[],Google Drive,https://drive.google.com/drive/my-drive
3,[],Google.com,https://www.google.com/webhp
4,[],NAVER,http://www.naver.com/
5,[],YouTube,https://www.youtube.com/
6,['사전'],국립국어원 표준국어대사전,http://stdweb2.korean.go.kr/main.jsp#
7,['사전'],네이버 사전,http://m.dic.naver.com/
8,['사전'],다음 국어사전,http://dic.daum.net/index.do?dic=kor
9,['사전'],"Collins Dictionary | Definition, Thesaurus and Translations",https://www.collinsdictionary.com/
10,['사전'],Diccionario de la lengua española - Edición del Tricentenario,http://dle.rae.es/?w=diccionario
11,['사전'],"Dictionary, Encyclopedia and Thesaurus - The Free Dictionary",http://www.thefreedictionary.com/
12,['사전'],English In Use Series__Cambridge University Press,http://www.cambridge.org/kr/cambridgeenglish/campaigns/inuse?content=student
13,['사전'],Google Translate,https://translate.google.es/
14,['사전'],Macmillan Dictionary | Free English Dictionary and Thesaurus Online,https://www.macmillandictionary.com/
15,['사전'],Real Academia Española,http://www.rae.es/
16,['사전'],Thesaurus.com | Synonyms and Antonyms of Words at Thesaurus.com,https://www.thesaurus.com/
17,['사전'],WordReference,http://www.wordreference.com/
18,['학습 (學習)'],네이버 열린연단,http://m.openlectures.naver.com/mobile_contents?contentsId=132106&rid=2934
19,['학습 (學習)'],대학공개강의 - KOCW,http://www.kocw.net/home/index.do
20,['학습 (學習)'],스티브잡스 [Steve Jobs] - YouTube,https://www.youtube.com/playlist?list=PLP9YOa5MTwu1zXKr2OOY8NMLW2zizcGev
21,['학습 (學習)'],온라인 강좌 - 자신의 일정에 맞춰 뭐든지 배워 보세요 | Udemy__[course],https://www.udemy.com/
22,['학습 (學習)'],유시민 경제학 - YouTube,https://www.youtube.com/playlist?list=PLs1QbIxbokUOLDPUSvYq4la_mkWGCJz1C
23,['학습 (學習)'],한국교육학술정보원(KERIS) 에서 제공하는 '학술연구정보서비스(RISS)',https://www.riss.kr/index.do
24,['학습 (學習)'],CS50 Guest Lecture by Mark Zuckerberg by Harvard University,https://dc.uwm.edu/zuckerberg_files_transcripts/141/
25,['학습 (學習)'],CS50 Lecture by Steve Ballmer - YouTube,https://www.youtube.com/watch?v=7lhlKF6MECs
26,['학습 (學習)'],edX | Online courses from the world's best universities,https://www.edx.org/
27,['학습 (學習)'],Google Scholar,https://scholar.google.com/
28,['학습 (學習)'],Harvard Business Review - Ideas and Advice for Leaders,https://hbr.org/
29,['학습 (學習)'],IE Library - By Schools,https://library.ie.edu/en/Resources/Schools
30,['학습 (學習)'],K-MOOC,http://www.kmooc.kr/
31,['학습 (學習)'],"Learn to code HTML, CSS, and JavaScript with Dash__[course]",https://dash.generalassemb.ly/
32,['학습 (學習)'],Nanodegree Programs and Free Online Classes | Udacity__[d3.js],https://eu.udacity.com/
33,['학습 (學習)'],OCW Course Index | MIT OpenCourseWare | Free Online Course Materials,https://ocw.mit.edu/courses/
34,['학습 (學習)'],Online Courses | Harvard University,https://online-learning.harvard.edu/
35,['학습 (學習)'],Richard la ruina__mylist__[sns],https://www.youtube.com/playlist?list=PLP9YOa5MTwu1IhaAP93sm5-pSEp_Zo3OH
36,['학습 (學習)'],Richard LaRuina__[sns],https://www.youtube.com/channel/UCsMzMM6gDS8ZiDIPmatGngg
37,['학습 (學習)'],RoaConsulting,https://www.youtube.com/user/RoaConsulting/videos
38,['학습 (學習)'],teaching - What are academic resources that provide open source lecture notes? - Academia Stack Exchange,https://academia.stackexchange.com/questions/49056/what-are-academic-resources-that-provide-open-source-lecture-notes
39,['Career'],[경력-이력] Career - Google Drive,https://drive.google.com/drive/folders/1U0dCdyDnD_rurM4uzqSj-ufrrgekanpD
40,['Career'],직업 탐색 - Google Drive,https://drive.google.com/drive/folders/1sXuYi3fsT4dgxOBkgK1D6BIVlAeRfftu
41,['Career'],LinkedIn,https://www.linkedin.com/mynetwork/
42,"['이력서 [Resume, CV]']","이력서 [Resume, CV] - Google Drive",https://drive.google.com/drive/folders/1-AxK1EzZDWgX0XhEmGPeCxpZSwysu66e
43,"['이력서 [Resume, CV]']",What is the difference between CV and resume? - Quora,https://www.quora.com/What-is-the-difference-between-CV-and-resume-2
44,"['이력서 [Resume, CV]']","Life of Luba__[developer,resume]",https://www.youtube.com/channel/UCgzKCeDYLRzPhQ64R6AKyBQ/videos
45,['취업'],스페인-취업정보-출처 - Google Drive,https://drive.google.com/drive/folders/1RqE6yWrVnAmcKXf4IQAbpOGprOxbkykM
46,['취업'],취업 - Google Docs,https://docs.google.com/document/d/1B9xCIjRAW1MU_0_5XCToUWymy_09dviw4kCRY-QYigo/edit#heading=h.y7vy4tgxftlu
47,['취업'],한양대-SALT수업자료__취업 멘토-홍상기 - Google Drive,https://drive.google.com/drive/folders/1fpjpp0K_lDyF8_z1PDW3nbpza2-zEoeZ
48,['취업'],Applying to Google: Technical Resume Tips with Google Recruiters - YouTube,https://www.youtube.com/watch?v=ZjeXxLnnH5I
49,['취업'],Build for Everyone - Google Careers,https://careers.google.com/
50,['취업'],Design & Build High-Quality Software with Crowdsourcing | Topcoder,https://www.topcoder.com/
51,['취업'],Explore - LeetCode,https://leetcode.com/explore/
52,['취업'],GeeksforGeeks | A computer science portal for geeks,https://www.geeksforgeeks.org/
53,['취업'],Glassdoor Job Search | Find the job that fits your life,https://www.glassdoor.com/index.htm
54,['취업'],"HackerRank__Practice coding, prepare for interviews, and get hired",https://www.hackerrank.com/
55,['취업'],"How to Get a Job at the Big 4 - Amazon, Facebook, Google & Microsoft by Sean Lee - YouTube",https://www.youtube.com/watch?v=YJZCUhxNCv8&frags=pl%2Cwn
56,['취업'],How to get a Software Engineering Internship | mayuko x JoMa - YouTube,https://www.youtube.com/watch?v=LuUpeVfN-wc&index=42&list=WL&frags=pl%2Cwn
57,['취업'],How to: Work at Google — Resume Tips - YouTube,https://www.youtube.com/watch?v=zrXZBkYzuZo
58,['취업'],"InfoJobs - Bolsa de trabajo, ofertas de empleo",https://www.infojobs.net/
59,['취업'],"Ofertas de trabajo, bolsa de trabajo | Buscar empleo en Indeed España",https://www.indeed.es/
60,['취업'],Programming Interview Questions | CareerCup,https://www.careercup.com/
61,"['취업', 'UPV']",[Aviso Asi:34011-1MUGI] Ofertas de empleo data science - iinnovata@gmail.com - Gmail,https://mail.google.com/mail/u/0/?tab=wm#inbox/FMfcgxmZTvWLqnrnXsJSTKrJgdcJLcpj
62,"['취업', 'UPV']",[ETSINF] Invitació Fòrum e2 UPV 2018 - Invitación Foro e2 UPV 2018 - iinnovata@gmail.com - Gmail,https://mail.google.com/mail/u/0/?tab=wm#search/label%3Ajonle2%40inf.upv.es+foro/FMfcgxmZTvJgvXkJkGwjwTkcnqvSZqCQ
63,"['취업', 'UPV']",[poliformat.upv.es] Awc: Oferta de empleo de Analista Digital - iinnovata@gmail.com - Gmail,https://mail.google.com/mail/u/0/#search/label%3Ajonle2%40inf.upv.es+subject%3Aempleo/FMfcgxmZTRlJfhWLjMthDPLxpLhrgLrM
64,"['취업', 'UPV']",취업 지원 센터 업무시간 - Google Drive,https://drive.google.com/drive/folders/1NMwiic2u29DudLiK5_6g3631augxa4Az
65,"['취업', 'UPV']",Career and Employment Office: UPV,http://www.upv.es/entidades/SIE/
66,"['취업', 'UPV']",Foro e2 UPV,http://foroempleo.webs.upv.es/webapp/index.html
67,"['취업', 'UPV']",Job Fair: UPV,http://www.upv.es/contenidos/SIEFORO/
68,"['취업', 'UPV']",Oferta de Trabajo - iinnovata@gmail.com - Gmail,https://mail.google.com/mail/u/0/?tab=wm#inbox/FMfcgxvwxxXXzzKcqhLxfVJDXrVGLHpn
69,"['취업', 'UPV']",Pràctiques en Empresa per a Informátics a la Xarxa,https://www.inf.upv.es/int/peix/alumnos/listado_ofertas.php
70,['관심회사'],DevStat – Development of Statistics. Statistics for Development,https://devstat.com/devstat/#generate
71,['관심회사'],Estas son las mejores empresas para trabajar en España en 2018 | Empresas,https://www.elmundo.es/economia/empresas/2018/03/23/5ab4075922601d0f228b45eb.html
72,['관심회사'],Inbenta - Artificial Intelligence | Enterprise Search | Chatbots | Ticketing,https://www.inbenta.com/en/
73,['관심회사'],Life at Google - YouTube,https://www.youtube.com/channel/UCWIzrKzN4KY6BPU8hsk880Q
74,['관심회사'],"PwC: Building relationships, creating value",https://www.pwc.com/gx/en.html
75,[],담배가격 분석,https://docs.google.com/spreadsheets/d/14HfDVybtPfR2o1TIdFAG8Xv42rqLz8zaw4zWOcOTcpM/edit#gid=0
76,[],문서 편집 툴,https://docs.google.com/document/d/1nVGnTWpSKm1uFRH86ZL8OfPAir4xfmYRYtnfiUOZUgI/edit
77,[],__관심 - Google Docs,https://docs.google.com/document/d/1n1AI4nd1uQ9CMeXFm5P3ucYsiLcuznM4IJp6w85PNFg/edit#heading=h.mmwbqyawfxoo
78,['국가분쟁'],"김어준의 다스뵈이다 45회 김규리, 초계기, 현인 그리고 피아니스트 __[일본야욕,광계토대왕함]",https://www.youtube.com/watch?v=LiN-EYQ2UN8&frags=pl%2Cwn
79,['극우정치집단'],정규재TV - YouTube,https://www.youtube.com/channel/UCOqCunaF9qVN8bXwsK0HT3g
80,['극우정치집단'],조갑제TV - YouTube,https://www.youtube.com/channel/UCq2Ld6DYPkq_61vKvL7EFiw
81,['극우정치집단'],미디어워치TV - YouTube,https://www.youtube.com/channel/UCY8i60Jd_DPyqOB_AJut2vw
82,['데이터 과학자가 되는 법'],3 Types of Data Science Interview Questions - YouTube,https://www.youtube.com/watch?v=4Z6lxfglvUU&list=PLP9YOa5MTwu2U-mxIKJPihOMeriOBZVT7
83,['데이터 과학자가 되는 법'],Data Science: Reality vs Expectations ($100k+ Starting Salary 2018) - YouTube,https://www.youtube.com/watch?v=8LucP1wiX1g&index=5&list=PLP9YOa5MTwu2ao3BvgTMYIzfUlGNWPAlE
84,['데이터분석을 왜하는가'],"Hans Rosling's 200 Countries, 200 Years, 4 Minutes - BBC Four__[visualization]",https://www.youtube.com/watch?v=jbkSRLYSojo&list=PLP9YOa5MTwu2ao3BvgTMYIzfUlGNWPAlE
85,['데이터분석을 왜하는가'],The best stats you've ever seen | Hans Rosling__[visualization],https://www.youtube.com/watch?v=hVimVzgtD6w&list=PLP9YOa5MTwu2ao3BvgTMYIzfUlGNWPAlE&index=2
86,['데이터분석을 왜하는가'],How not to be ignorant about the world | Hans and Ola Rosling__[visualization],https://www.youtube.com/watch?v=Sm5xF-UYgdg&index=3&list=PLP9YOa5MTwu2ao3BvgTMYIzfUlGNWPAlE
87,['데이터분석을 왜하는가'],DON'T PANIC — Hans Rosling showing the facts about population__[visualization],https://www.youtube.com/watch?v=FACK2knC08E&index=4&list=PLP9YOa5MTwu2ao3BvgTMYIzfUlGNWPAlE
88,['도올 김용옥'],도올TV - YouTube,https://www.youtube.com/user/hoozcom01/playlists
89,['도올 김용옥'],도올 김용옥 - YouTube,https://www.youtube.com/playlist?list=PLP9YOa5MTwu0K_x0CezviKlnOaona5vmj
90,['도올 김용옥'],도올 김용옥의 우리는 누구인가 - YouTube,https://www.youtube.com/playlist?list=PLRR7X9HAIfu7FLY2jo-NMjdVC8R-vBrdU
91,['도올 김용옥'],노자와 21세기 (1~56강)__도올 김용옥 - YouTube,https://www.youtube.com/playlist?list=PLM79DZYYdoYMT16hmcBnldC5Wm6LOaYon
92,['도올 김용옥'],"EBS 기획특집 《도올, 노자와 21세기》 56부작 (1999.11.21 ~ 2000.2.23 방영) - YouTube",https://www.youtube.com/playlist?list=PLaUFbIm_DfBtocZmfR8yn1SURY0BRd9a0
93,['도올 김용옥'],"도올 -중용 ,인간의 맛(1~36강) - YouTube",https://www.youtube.com/playlist?list=PLM79DZYYdoYPDYVvnBD7HOBbXjXi9mbWy
94,['도올 김용옥'],도올 특강 중용 - YouTube,https://www.youtube.com/playlist?list=PLOPgO7qAA8UymOw13wFCncLKKpoYHG_og
95,['도올 김용옥'],불교 1~28강__도올 김용옥 - YouTube,https://www.youtube.com/playlist?list=PLM79DZYYdoYMNNXqjOq1Mug3m5YsQM5rk
96,['도올 김용옥'],요한복음강해__도올 김용옥 - YouTube,https://www.youtube.com/playlist?list=PLII5RgtAZJ63-VROMescRMkJ9T8TUJnGW
97,['도올 김용옥'],도마복음강해__도올TV특강 - YouTube,https://www.youtube.com/playlist?list=PLrsCvvY6H0pXSDxPNirzMfUgNlglvnMKX
98,"['Zen Bamboo', '마드리드 스시 뷔페']",Lunáticas por Madrid: Zen,http://lunaticaspormadrid.blogspot.com/2016/02/zen.html
99,"['Zen Bamboo', '마드리드 스시 뷔페']",Carta1.jpg (2358×1622),http://zenvintage.es/zencentral/wp-content/uploads/2014/11/Carta1.jpg
100,"['Zen Bamboo', '마드리드 스시 뷔페']",wordpress » Precios,http://zenvintage.es/zencentral/menu/
101,"['SUMO', '마드리드 스시 뷔페']",No es otro blog gastronómico: ¡Menú asiático del día de 18 platos!: Sumo,http://explorandomadrid2013.blogspot.com/2014/03/menu-asiatico-del-dia-de-18-platos-sumo.html
102,"['SUMO', '마드리드 스시 뷔페']",Google Image Result for https://miplanbe.files.wordpress.com/2013/11/scan_pic0041.jpg,https://www.google.es/imgres?imgurl=https%3A%2F%2Fmiplanbe.files.wordpress.com%2F2013%2F11%2Fscan_pic0041.jpg&imgrefurl=https%3A%2F%2Fmiplanbe.wordpress.com%2Ftag%2Frestaurante-sumo%2F&docid=Dg5-YQJGpnnVUM&tbnid=Tz5p09PWEB7kJM%3A&vet=10ahUKEwi5kLXnz57cAhWGVRQKHcpiArMQMwiNAShTMFM..i&w=749&h=2304&bih=624&biw=1280&q=sumo%20in%20madrid&ved=0ahUKEwi5kLXnz57cAhWGVRQKHcpiArMQMwiNAShTMFM&iact=mrc&uact=8
103,['마드리드 스시 뷔페'],뷔페 가격__Restaurante Sumosan,https://www.facebook.com/restaurantesumosan/photos/a.1705737099500285.1073741826.361100120630663/1705734262833902/?type=3&theater
104,['마드리드 스시 뷔페'],Ikki__메뉴표,https://11870.com/pro/ikki/media/a1d2609d?filter=menus
105,['마드리드 스시 뷔페'],Ikki__메뉴표_겉표지_할인20%,https://www.yelp.es/biz_photos/ikki-madrid?select=pWY_rLzowCcdNYMjLog6Tg
106,['마드리드 정보'],Horarios - MLO,https://www.metroligero-oeste.es/horarios#form-schedules
107,['마드리드 정보'],Comunidad de Madrid - madrid.org,http://www.madrid.org/wleg_pub/secure/normativas/contenidoNormativa.jsf?opcion=VerHtml&idnorma=8763&word=S&wordperfect=N&pdf=S#no-back-button
108,['마드리드 정보'],요금표__Consorcio Regional de Transportes de Madrid,http://www.crtm.es/billetes-y-tarifas/billetes-y-abonos/abono-transportes/abono-treinta-dias.aspx
109,['마드리드 정보'],Consorcio Regional de Transportes de Madrid,http://www.crtm.es/atencion-al-cliente/normativa.aspx
110,['마드리드 정보'],마드리드 한국문화원 - Google Drive,https://drive.google.com/drive/folders/1RTPFJpmkynhjuncHVUJM8bMPpA7EVwrZ
111,[],"멕시코 한류 천년의 흔적을 찾아서 1 - 아스테카의 이방인, 그들은 누구인가？",https://www.youtube.com/watch?v=fH4Wij20m-E&frags=pl%2Cwn
112,[],"미국에서 관세폭탄을 맞은 세계최고 품질 한국세탁기 (6개월뒤 놀라운 반전)__[관세전쟁,세탁기]",https://www.youtube.com/watch?v=8BpwcuNZpgk&frags=pl%2Cwn
113,[],민주언론시민연합,http://www.ccdm.or.kr/xe/
114,['사회문제'],tbs 시민의방송 - YouTube,https://www.youtube.com/channel/UC5HSw5OY2vfVFSihpiB-AVQ
115,['사회문제'],대한민국청와대 - YouTube,https://www.youtube.com/channel/UC7WMB_czX5jF__5kqT4d9Ww
116,['사회문제'],박근혜-최순실 국정농단사태 - YouTube,https://www.youtube.com/playlist?list=PLP9YOa5MTwu2TmD7YxHqXhGeBXbUVCbPt
117,['사회문제'],한국 사회문제 - YouTube,https://www.youtube.com/playlist?list=PLP9YOa5MTwu1jCzGA18fPVEAxAzzXRi2w
118,['사회문제'],"개헌, 채용비리__3.28(수) 김어준의뉴스공장 / 이인영, 황영철, 노회찬, 박연미, 김은지 - YouTube",https://www.youtube.com/watch?v=9g669RbgbRA&list=PLP9YOa5MTwu3b3ZcIer2BtxCWcUCpemf9&t=2s&index=3
119,['사회문제'],"최강욱,김남국의 '검찰, 알아야 바꾼다' 제12화 검찰이 죽인 역사적 인물 - YouTube",https://www.youtube.com/watch?v=EJQF2Y2izZU&list=PLtA84mpaLL4optLHHYH8XQil6ODDWJMp4
120,['사회문제'],"김어준의 다스뵈이다 45회 김규리, 초계기, 현인 그리고 피아니스트__[블랙리스트]",https://www.youtube.com/watch?v=LiN-EYQ2UN8&frags=pl%2Cwn
121,['세탁'],세탁 - YouTube,https://www.youtube.com/playlist?list=PLP9YOa5MTwu2D8HzINCh3Tc-XIzHBOthv
122,['세탁'],신발-세탁 - YouTube,https://www.youtube.com/playlist?list=PLP9YOa5MTwu2s8pBfphVXoUF8V-Z7pGmd
123,"['스페인 역사,문화']",ARTEHISTORIA - YouTube,https://www.youtube.com/user/artehistoriacom/playlists
124,"['스페인 역사,문화']",세계테마기행__EBS__스페인 - YouTube,https://www.youtube.com/playlist?list=PLP9YOa5MTwu0V50LbOsvJKX4Y34cl11Bv
125,['스페인살기'],문서 공증(아포스티유) - Google Drive,https://drive.google.com/drive/folders/0B5MVOBCKNTfiV1BzR1VTS0ZOaFE
126,['스페인살기'],버킷리스트 in 스페인 - Google Docs,https://docs.google.com/document/d/1FsvXvQUUofzPF7YQsULddLblS1aAiY8uAdxMUxnl_Qk/edit
127,['스페인살기'],NIE_연장 신청_2018-03_업무처리 노트,https://docs.google.com/document/d/15Bl7V1LcrGUvqou-7myd0MwaYix84khL8huXh3rxaoY/edit#heading=h.tiy3lirt60pe
128,['스페인살기'],UV(Universidad-de-Valencia)__대학원-입학지원 - Google Drive,https://drive.google.com/drive/folders/1fFsiiXmxMzY38IYwWD3bbpGsHJpfZcBR
129,['스페인어'],스페인어-Spanish-Español - Google Drive,https://drive.google.com/drive/folders/1lVYiEfo8-xhy2kK34-RRHoc9sG-BhvNT
130,['스페인어'],스페인어__학습 - Google Docs,https://docs.google.com/document/d/1S6Jif5y4dt-lGpvwhbrD5_k_3mvTL6_8_xfIpGMdm2s/edit
131,"['학습-사이트', '스페인어']",Aprender español ¡10 tips infalibles! - YouTube,https://www.youtube.com/watch?v=bRKCvwxGZp8&index=3&list=PLP9YOa5MTwu1iQ_z77xUbZz4GEXI6gvUS
132,"['학습-사이트', '스페인어']",Maria Español - YouTube,https://www.youtube.com/channel/UC30I0ZZ54oOVBYeXJtafYIA/videos?sort=dd&flow=list&view=0
133,"['학습-사이트', '스페인어']",Learn Spanish with SpanishPod101.com - YouTube,https://www.youtube.com/channel/UCydVvh3Wg4VPvllLHFoe5_A
134,"['학습-사이트', '스페인어']",시원스쿨 스페인어 - YouTube,https://www.youtube.com/channel/UChcpL5v5RLIOGwKDpG2dyzw
135,['스페인어'],Real Academia Española,http://www.rae.es/
136,"['스페인어', '문법']",Aprender español: Verbos de cambio (nivel avanzado) - YouTube,https://www.youtube.com/watch?v=LcYF58rLEd8&list=PL_JdwZWnDhAVvEVb0tvenhv7dRfFOG_7k
137,"['스페인어', '문법']",Español Gramatica - YouTube,https://www.youtube.com/playlist?list=PL17F3C740A8C210F4
138,"['스페인어', '발음']",Vídeos sobre pronunciación para la clase de español - Editorial Difusión,https://www.difusion.com/videos-pronunciacion-espanol/?utm_source=mailjet&utm_medium=email&utm_campaign=clase-pronunciacion
139,"['스페인어', '발음']",EVERYTHING you need to know about Spanish pronunciation || María Español - YouTube,https://www.youtube.com/watch?v=AmeHgX5ywLc&list=PLP9YOa5MTwu201CrWuSBw6kTidBx_f8NU
140,"['드라마', '스페인어']",La que se avecina - Mitele.es,https://www.mitele.es/series-online/la-que-se-avecina/59d515754bec7917de8b457c/player
141,"['드라마', '스페인어']",la quese avecina serie,https://www.mitele.es/search/La%20que%20se%20avecina
142,"['드라마', '스페인어']",Series y programas de TVE online - RTVE.es,http://www.rtve.es/television/
143,"['스페인어', '언어적-특성']",Pragmática - YouTube,https://www.youtube.com/watch?v=tprL9NEYlCc&index=4&list=PLP9YOa5MTwu1iQ_z77xUbZz4GEXI6gvUS
144,"['스페인어', '언어적-특성']",Spaniards learning Korean_한국어를 배우는 스페인 사람들 - YouTube,https://www.youtube.com/watch?v=Zp1UswyZL30&list=PLP9YOa5MTwu1iQ_z77xUbZz4GEXI6gvUS&index=2
145,"['실시간-방송', '스페인어']",DW Español - YouTube,https://www.youtube.com/channel/UCT4Jg8h03dD0iN3Pb5L0PMA
146,"['실시간-방송', '스페인어']",Todo Noticias - YouTube,https://www.youtube.com/channel/UCj6PcyLvpnIRT_2W_mwa9Aw
147,"['실시간-방송', '스페인어']",teleSUR tv - YouTube,https://www.youtube.com/channel/UCbHFKMtqLYkIBRiPHJwxu_w
148,"['실시간-방송', '스페인어']",CNN en Español - YouTube,https://www.youtube.com/channel/UC_lEiu6917IJz03TnntWUaQ
149,"['실시간-방송', '스페인어']",Granada-channel__Steadycamline - YouTube,https://www.youtube.com/channel/UC1byT4dOeBAZwVqQ309iAuA
150,"['실시간-방송', '스페인어']",CGTN en Español - YouTube,https://www.youtube.com/channel/UCd94YCD7yp6d-YZSRYWyeFA
151,"['실시간-방송', '스페인어']",Malaga 24h - YouTube,https://www.youtube.com/channel/UCoMWImnPAur6JhXDK63dpAg
152,"['실시간-방송', '스페인어']",RT en Español - YouTube,https://www.youtube.com/channel/UC2mtXUpAYLYJIZ2deSPhlqw
153,"['실시간-방송', '스페인어']",RT en vivo - YouTube,https://www.youtube.com/channel/UCEIhICHOQOonjE6V0SLdrHQ
154,"['실시간-방송', '스페인어']",HispanTV - YouTube,https://www.youtube.com/channel/UCHb3cj2VXjAXC-mKZsRRspg
155,['스페인어'],Recurso compartido de idioma - Google Drive,https://drive.google.com/drive/folders/0B5MVOBCKNTfiYzUxRGZ4b0JmcW8
156,['스페인어'],Songs-with-spanish-lyric - YouTube,https://www.youtube.com/playlist?list=PLP9YOa5MTwu1MynZa5Em_KagafQRG5gHj
157,['스페인어'],Diccionario de la lengua española - Edición del Tricentenario,http://dle.rae.es/?w=diccionario
158,['신독'],브라이언 트레이시 강연 내용 노트 - Google Docs,https://docs.google.com/document/d/1I7o0bRw4CYR8hNgXiONkWYs6Oe7AoT_azktK9R6fkj0/edit
159,['신독'],영감 - YouTube,https://www.youtube.com/playlist?list=PLP9YOa5MTwu31yGO7uvxbr0zoN-qn6v99
160,['신독'],일기,file:///Users/sambong/mydata/%EC%9D%BC%EA%B8%B0
161,['신독'],Bucket list in my life - Google Sheets,https://docs.google.com/spreadsheets/d/1qPlk5Sg4ZvRQ5a5mYlJ9A4KYZXOtjk0VwExZYPftnrk/edit#gid=4
162,['어학'],__어학 - Google Docs,https://docs.google.com/document/d/1jmowK1z_15EgEFp4iIt7Cb6NcqRTwRUk2tPgXO7S53M/edit#heading=h.3umggyw5j7fu
163,['어학'],EBS FM보이는 - YouTube,https://www.youtube.com/channel/UCQLH2Ksmzt-aNfr2kceSW7g/playlists
164,['어학'],http://www.ebslang.co.kr/,http://www.ebslang.co.kr/
165,['어학'],Map of languages and language families of Europe,https://jakubmarian.com/map-of-languages-and-language-families-of-europe/
166,['어학자격증'],Niveles europeos – Tabla de auto evaluación | Europass,https://europass.cedefop.europa.eu/es/resources/european-language-levels-cefr
167,['어학자격증'],Tablas de reconocimiento de certificados oficiales de idiomas : Área de Centro de Lenguas : UPV,http://www.upv.es/entidades/ACDL/infoweb/cdl/info/847058normalc.html
168,['언어공부-방법론'],"양쪽 뇌로 영어 배우기 - 12년 동안 영어를 가르친 수잔 교수의 ""미국 교수의 기초 영문법 강의"" 소개 영상 - YouTube",https://www.youtube.com/watch?v=XAeGlpa1OIU&list=PLP9YOa5MTwu3eMoEeN3XPtuZdxHjwqYdo
169,['언어공부-방법론'],동과 서 제2편 서양인은 보려 하고 동양인은 되려 한다 - YouTube,https://www.youtube.com/watch?v=GcmhUTRra9E&list=PLP9YOa5MTwu3eMoEeN3XPtuZdxHjwqYdo&index=2
170,['언어공부-방법론'],6 ways to STOP translating in your head & THINK in another language! | #spon - YouTube,https://www.youtube.com/watch?v=JTHSFxja2zY&index=3&list=PLP9YOa5MTwu3eMoEeN3XPtuZdxHjwqYdo
171,['언어공부-방법론'],Eurasian speaking 7 languages - YouTube,https://www.youtube.com/watch?v=DGPjkrycEcQ&index=4&list=PLP9YOa5MTwu3eMoEeN3XPtuZdxHjwqYdo
172,['언어공부-방법론'],How I learned 7 languages - YouTube,https://www.youtube.com/watch?v=eNkDFt5nUAc&index=5&list=PLP9YOa5MTwu3eMoEeN3XPtuZdxHjwqYdo
173,['언어공부-방법론'],"EBS 기획특강 - 도올 김용옥의 중용, 인간의 맛_10강, 교육의 리듬과 능구_#003 - YouTube",https://www.youtube.com/watch?v=g53-l5CoWfQ&index=6&list=PLP9YOa5MTwu3eMoEeN3XPtuZdxHjwqYdo
174,['언어공부-방법론'],도올 김용옥의 중용 인간의 맛 21강 중도에 그만두지 않는다 - YouTube,https://www.youtube.com/watch?v=P3yuah-kSig&list=PLP9YOa5MTwu3eMoEeN3XPtuZdxHjwqYdo&index=7
175,['언어공부-방법론'],언어 배우는 방법 - YouTube,https://www.youtube.com/watch?v=Kx9MSGmS0ig&t=0s&index=27&list=PLP9YOa5MTwu3pcSkaL_UW7yJy3ZxClSF3
176,['연봉'],Node.js 연봉,https://www.quora.com/What-is-the-average-Node-js-salary
177,['연봉'],연봉 - YouTube,https://www.youtube.com/playlist?list=PLP9YOa5MTwu3-xUi1lhDJ3IC56XSuKx6x
178,"['학습-사이트', '영어']",올리버쌤__Videos - YouTube,https://www.youtube.com/channel/UCicKQUi8h4NI81wDmrDBD4A/videos?view=0&flow=list&sort=dd
179,"['학습-사이트', '영어']",Learn English with Emma [engVid] - YouTube,https://www.youtube.com/user/EnglishTeacherEmma/videos?flow=list&view=0&sort=dd
180,"['학습-사이트', '영어']",mmmEnglish - YouTube,https://www.youtube.com/channel/UCrRiVfHqBIIvSgKmgnSY66g/videos
181,"['학습-사이트', '영어']",English with Lucy - YouTube,https://www.youtube.com/channel/UCz4tgANd4yy8Oe0iXCdSWfA/videos
182,"['학습-사이트', '영어']",KoreanBilly - YouTube,https://www.youtube.com/user/aoao35044/videos
183,"['학습-사이트', '영어']",successenglish - YouTube,https://www.youtube.com/user/successenglish/videos
184,"['학습-사이트', '영어']",EUN-YOUNG Jung - YouTube,https://www.youtube.com/channel/UCeEdz-Ja7K6Qexbk5o5-xhA/videos
185,"['학습-사이트', '영어']",EBSLanguage (EBS 외국어 학습) - YouTube,https://www.youtube.com/user/EBSLanguage/playlists
186,"['학습-사이트', '영어']",올리버쌤 영어 꿀팁 - YouTube,https://www.youtube.com/playlist?list=PL-LHnMMtMtkBoPNzxfynIt4_vcJPF3G53
187,['영어'],영어 학습 - Google Docs,https://docs.google.com/document/d/1XZsR6WONU1LlJ587byjvzfxN-G-uYbTjgwlX4HA9QbI/edit
188,['영어'],English In Use Series__Cambridge University Press,http://www.cambridge.org/kr/cambridgeenglish/campaigns/inuse?content=student
189,['영어'],Vocabulary for IELTS with answers__Pauline-Cullen__Cambridge-University-Press__2008.pdf,http://elibrary.bsu.az/books_250/N_53.pdf
190,['영어'],"Collins Dictionary | Definition, Thesaurus and Translations",https://www.collinsdictionary.com/
191,['영어'],"Dictionary, Encyclopedia and Thesaurus - The Free Dictionary",http://www.thefreedictionary.com/
192,['영어'],Thesaurus.com | Synonyms and Antonyms of Words at Thesaurus.com,https://www.thesaurus.com/
193,['영어'],Macmillan Dictionary | Free English Dictionary and Thesaurus Online,https://www.macmillandictionary.com/
194,['영어'],IPA_chart_2018.pdf,https://upload.wikimedia.org/wikipedia/commons/8/8e/IPA_chart_2018.pdf
195,['영어'],Learning English: Extra English BBC - YouTube,https://www.youtube.com/playlist?list=PLdYSWqTrWP2jyqWIdjsATbrb11uN_BMrF
196,['영어'],British Council in Korea - YouTube,https://www.youtube.com/user/britishcouncilkr/videos
197,['영어'],Bloomberg - YouTube,https://www.youtube.com/user/Bloomberg/videos
198,['영어'],English In Use Series__Cambridge University Press,http://www.cambridge.org/kr/cambridgeenglish/campaigns/inuse?content=student
199,['영화-드라마-애니'],Ver Perfectos desconocidos Online (2017) | REPELIS Películas HD,https://repelis.io/pelicula/perfectos-desconocidos-ajf8n
200,['영화-드라마-애니'],Perfectos desconocidos__다이렉트 스트리밍,https://oqfnwm.oloadcdn.net/dl/l/AghNMVHf_Mga4V09/O18tYWSL7Vs/tt6101820_12b10291-47a0-11e8-83da-033f301283b9.mp4?mime=true
201,['영화-드라마-애니'],Delirious 2006 - YouTube,https://www.youtube.com/watch?v=wH7AGsfw9eI&list=PLP9YOa5MTwu0HqGG9-czY9-QEuhtwrks6
202,['영화-드라마-애니'],중국영화 - YouTube,https://www.youtube.com/playlist?list=PLP9YOa5MTwu38q7TLGYj0qyoWg5V9PM92
203,['영화-드라마-애니'],일본애니-playlist - YouTube,https://www.youtube.com/playlist?list=PLP9YOa5MTwu22mM-6cPn5SBpyXCl2ek8a&disable_polymer=true
204,['영화-드라마-애니'],천룡팔부[天龙八部]__2003 胡军版（字幕) - YouTube,https://www.youtube.com/playlist?list=PLTmolqlE0FAjD3uXvB2n_DASjB81DXIgE
205,['영화-드라마-애니'],"【历史传奇】孔子[공자 ,Confucius]__35集全__未删减版1080P【赵文瑄 罗嘉良 石田壹成 李贞贤】- YouTube",https://www.youtube.com/playlist?list=PLHal96yJvQA8fisWBqwulQzhe9gNtuBHa
206,['영화-드라마-애니'],신조협려[神雕俠侶]__2006 - YouTube,https://www.youtube.com/playlist?list=PLjgopgMGCAzz1B35oK3sOxp6WNyARy_cz
207,['영화-드라마-애니'],신수호전 (수호지 1~86완결) 2011 DVD - YouTube,https://www.youtube.com/playlist?list=PLURdceI3oVDNeKDkb8OsDis2cmZtl9nHf
208,['영화-드라마-애니'],"소호강호[笑傲江湖, Laughing in the Wind]__2001__中英字幕CHI/ENG SUB - YouTube",https://www.youtube.com/playlist?list=PLXBdEMhYPRHEhyp0cPY1naQ5XCDcWbsuw
209,['영화-드라마-애니'],풀메탈패닉 TSR - YouTube,https://www.youtube.com/playlist?list=PLgABmF_mNoHNz8LxIrZ57Lzm2BBviuRZ0
210,['영화-드라마-애니'],TV series Chinese - YouTube,https://www.youtube.com/channel/UCKDEhrjocOTToqXNv-0sOvQ/playlists
211,['영화-드라마-애니'],중국영화 - YouTube,https://www.youtube.com/playlist?list=PLLcUAD4RoPNSTqx7YBbpWz5nGGmcZF-DW
212,['영화-드라마-애니'],풍운[The Storm Riders]__Eng Sub - YouTube,https://www.youtube.com/watch?v=Z4A95kVPwP8&t=0s&list=PLP9YOa5MTwu2XcdDYYuTVVTucIDzbSA48&index=9
213,['영화-드라마-애니'],The Evil Dead (1981) - YouTube,https://www.youtube.com/playlist?list=PLOCi-8Iq_MmjdJhisd1FDyF_3Tvd0dNoO
214,['외국에서의-삶'],"런던 직딩의 직장 하루일과|3개국어전화업무,동료와수다,Boots퀵쇼핑!점심샌드위치,칼퇴필수 - YouTube",https://www.youtube.com/watch?v=2B6neecLIPU&list=PLP9YOa5MTwu2LFQoiZSy8FvGbDUd-hiiI
215,['외국에서의-삶'],CHOIKANG - YouTube,https://www.youtube.com/channel/UCaBkbyNvLaHb_9zjD8WbvAw
216,['외국인들의-견해'],엠쌤Margarita - YouTube,https://www.youtube.com/user/DAenvgiell6/videos
217,['외국인들의-견해'],Jasmine Lipska - YouTube,https://www.youtube.com/channel/UCSGJoUkoHBvXBWqlTk2h7CQ/videos
218,['외국인들의-견해'],Asian Boss - YouTube,https://www.youtube.com/user/askasianboss/videos
219,['외국인들의-견해'],Ali Abbot - YouTube,https://www.youtube.com/channel/UCE_7T3wYHzeNPu2MBk7v6cg/videos
220,['외국인들의-견해'],LaraLand라라랜드 - YouTube,https://www.youtube.com/user/LeNniTaH1/videos
221,['외국인들의-견해'],외모에 대한 외국인 견해 - YouTube,https://www.youtube.com/playlist?list=PLP9YOa5MTwu3_IalZkTQ-r67ltXrTWZCf
222,['외국인들의-견해'],"이 참 : 한국인이여, 진도개한테 배워라 - YouTube",https://www.youtube.com/playlist?list=PLJ8nGDOhUEnY9kN_8ZC5zW5Z8Xsmj9idk
223,['외국인들의-견해'],"벨칸토 코치의 나얼 바람 기억 분석(피오렌짜 마르키오리 선생님)__[한국가수,음악]",https://www.youtube.com/watch?v=e7xQvzDPzG8&frags=pl%2Cwn
224,['외국인들의-견해'],"Vocal Coach REACTS to PARK HYOSHIN - WILDFLOWER__[한국가수,박효신]",https://www.youtube.com/watch?v=UnZ5Yx3wBTc&frags=pl%2Cwn
225,['외국인들의-견해'],[한글자막] 빗소리와 박효신 목소리의 만남.. 박효신 추억은 사랑을 닮아 해외반응,https://www.youtube.com/watch?v=rqflKyJqGqM&frags=pl%2Cwn
226,['외국인들의-견해'],박효신 눈의 꽃 해외반응 Park Hyo Shin Snow Flower Reaction,https://www.youtube.com/watch?v=Myk3PzNBiQM&frags=pl%2Cwn
227,['외국인들의-견해'],외국도 반한 박효신의 목소리.. LOST 해외반응,https://www.youtube.com/watch?v=VFvhGfghZtU&frags=pl%2Cwn
228,['외국인들의-견해'],Classical Musicians React: Park Hyo Shin 'Wildflower' - YouTube,https://www.youtube.com/watch?v=0SLxEr1NKp0&frags=pl%2Cwn
229,['요리'],"[HIT] 2tv 저녁 생생정보 - 찬찬찬 완전정복, 볶음 고추장 만드는 비법 '10분이면 완성'. 20150430 - YouTube",https://www.youtube.com/watch?v=w78_cJN1l1s&list=PLP9YOa5MTwu2coxMJ7J9WPAHjixbYAUNA&index=4
230,['요리'],happycooking120180 - YouTube,https://www.youtube.com/channel/UCNITpsY7Iz0XzQJbiWgKEBw/videos
231,['유승민'],유승민과 이혜훈의 박근혜_부역 2007년 7월 - YouTube,https://www.youtube.com/watch?v=NKbZqXIIrhM&list=PLP9YOa5MTwu3lRvGLi-NhScc73dapEpbf
232,['유시민'],유시민의 글쓰기 특강 - YouTube,https://www.youtube.com/playlist?list=PLP9YOa5MTwu2ivx_nN1taiKkiiF7A_xBx
233,['유시민'],유시민의 생활과 경제 - YouTube,https://www.youtube.com/playlist?list=PLP9YOa5MTwu0udh7iLDonOazFB3r0deS5
234,['유시민'],유시민 - YouTube,https://www.youtube.com/playlist?list=PLP9YOa5MTwu3EuYfy6BgGnnuZx3ODVG-g
235,['유시민'],유시민 경제학 - YouTube,https://www.youtube.com/playlist?list=PLs1QbIxbokUOLDPUSvYq4la_mkWGCJz1C
236,['유시민'],유시민 글쓰기 서울대 특강 - YouTube,https://www.youtube.com/playlist?list=PLEGaTnnmiPYjuFSj0qK-kLOIClPl1jWau
237,['음악'],Un Homme Et Une Femme - Francis Lai | Shazam,https://www.shazam.com/ko/track/10548523/un-homme-et-une-femme#referrer=shazamformac
238,['음악'],Programme - Breakbot | Shazam,https://www.shazam.com/ko/track/58735033/programme#referrer=shazamformac
239,['음주가무'],"[대상명]Xceed__[주제]Guest List, Tickets to the best Clubs, Night Events",https://xceed.me/
240,['이해찬'],남북/북미 정상회담 & 6.13 지방선거-이해찬 前 국무총리 / 2부 [장윤선의 이슈파이터] - YouTube,https://www.youtube.com/watch?v=ZO_9SYchK3U&list=PLP9YOa5MTwu3OCeXKMmolnlrpq4QTzly4
241,['일본어'],일본애니-OP/ED-playlist - YouTube,https://www.youtube.com/playlist?list=PLP9YOa5MTwu2v62fd9DHiUXP52Nw9zokD
242,['일본어'],Learn Japanese with JapanesePod101.com - YouTube,https://www.youtube.com/channel/UC0ox9NuTHYeRys63yZpBFuA
243,['일본음식'],직업 세계의 일인자 일본 초밥의 거장 오노 지로 - YouTube,https://www.youtube.com/watch?v=duPyrK5lxis&list=PLP9YOa5MTwu2Gtn3pnizZ1bmR71Rwqsgb
244,['자동차-정비&세차'],자동차 정비 공임료 공개...시행 첫날부터 삐걱 - YouTube,https://www.youtube.com/watch?v=kJtCDvUrDZk&index=2&list=PLP9YOa5MTwu0APDN-jD5B5iW8VUFMupnj&t=0s&frags=pl%2Cwn
245,['자동차-정비&세차'],부모(생활백과) - 손쉽게 하는 셀프 세차법_#002 - YouTube,https://www.youtube.com/watch?v=599798w8-cM&index=2&list=PLP9YOa5MTwu0APDN-jD5B5iW8VUFMupnj
246,['자동차-정비&세차'],자동차 왁스·유리막 코팅 구별법 개발 / YTN 사이언스 - YouTube,https://www.youtube.com/watch?v=3ZEK8T9MOZw&index=3&list=PLP9YOa5MTwu0APDN-jD5B5iW8VUFMupnj
247,['자동차-정비&세차'],(한국소비자원) 엔진오일 교환 주기 정보 - YouTube,https://www.youtube.com/watch?v=iXHS2SB42rk&list=PLP9YOa5MTwu0APDN-jD5B5iW8VUFMupnj&index=4
248,['자동차-정비&세차'],자동변속기와 수동변속기 - YouTube,https://www.youtube.com/watch?v=jyzuppDaIso&index=5&list=PLP9YOa5MTwu0APDN-jD5B5iW8VUFMupnj
249,['자동차-정비&세차'],"엔진룸 클리닝 방법, 영상으로 배워보기! - YouTube",https://www.youtube.com/watch?v=UIEHKp3dwys&index=6&list=PLP9YOa5MTwu0APDN-jD5B5iW8VUFMupnj
250,['자동차-정비&세차'],레인OK(Rain OK) 발수제의 사용법과 효과 - YouTube,https://www.youtube.com/watch?v=J7RTH-adP8Y&index=7&list=PLP9YOa5MTwu0APDN-jD5B5iW8VUFMupnj
251,['전문가[Expert]의-허구'],The Expert (Short Comedy Sketch) - YouTube,https://www.youtube.com/watch?v=BKorP55Aqvg
252,['전문가[Expert]의-허구'],Short Comedy Films and Sketches - YouTube,https://www.youtube.com/playlist?list=PLKlTnphWMK_pbfHE4VilQg3GjVuXJdo5I
253,['정세현'],"6.13(수) 김어준의 뉴스공장 / 정세현, 박지원, 김준형, 양지열 - YouTube",https://www.youtube.com/watch?v=G17DoqaSq4M&list=PLP9YOa5MTwu1hlk8woI7tc2XPO_KuhhmW
254,['제 N외국어'],Learn Italian with ItalianPod101.com - YouTube,https://www.youtube.com/channel/UCb5faEH1hEiLaT_aGMBWeBg
255,['제 N외국어'],Learn French with FrenchPod101.com - YouTube,https://www.youtube.com/channel/UCHk14TRSD33vAyx5xKzpcnw
256,['제 N외국어'],Learn German with GermanPod101.com - YouTube,https://www.youtube.com/channel/UCTobWZV_HWGSoaRrhHyrJ-A
257,['조국'],[검·경 수사권 조정안 발표] 6월 21일 뉴스특보 풀영상 - YouTube,https://www.youtube.com/watch?v=JLGsTIsaNhA&list=PLP9YOa5MTwu2fsHicy1iPEpGPs0DFhuVf
258,['조던 피터슨[Jordan B Peterson]'],2017/02/11: An incendiary discussion at Ryerson U - YouTube,https://www.youtube.com/watch?v=8ABa4RdNPxU&list=PLP9YOa5MTwu2OT7HuxYanC_N5bktlCYL3
259,['조던 피터슨[Jordan B Peterson]'],여러분은 하루에 시간을 얼마나 낭비하나요? | 조던 피터슨,https://www.youtube.com/watch?v=4GqNjOZCTKg&list=PLP9YOa5MTwu2OT7HuxYanC_N5bktlCYL3&index=2
260,['조던 피터슨[Jordan B Peterson]'],12 Rules for Life: London: How To Academy - YouTube,https://www.youtube.com/watch?v=PWasTAtR6Ns&index=3&list=PLP9YOa5MTwu2OT7HuxYanC_N5bktlCYL3
261,['조던 피터슨[Jordan B Peterson]'],Joe Rogan Experience #1070 - Jordan Peterson - YouTube,https://www.youtube.com/watch?v=6T7pUEZfgdI&list=PLP9YOa5MTwu2OT7HuxYanC_N5bktlCYL3&index=4
262,['조던 피터슨[Jordan B Peterson]'],"IQ가 인생, 성공에 미치는 영향 [자막] - YouTube",https://www.youtube.com/watch?v=hwz__FUtUsU&list=PLmVZqw6fHwk6SIK5HWP55wzuLaF6TTqBu
263,['조던 피터슨[Jordan B Peterson]'],꼴페미들이 말도 안되는 논리를 쓰는 이유 [자막] - YouTube,https://www.youtube.com/watch?v=8a32917YBK0&index=2&list=PLmVZqw6fHwk6SIK5HWP55wzuLaF6TTqBu
264,['조던 피터슨[Jordan B Peterson]'],남자가 여자보다 더 많이 버는 이유 - (전)하버드 대 교수가 말하다 - YouTube,https://www.youtube.com/watch?v=wXkUaH23Y_8&index=3&list=PLmVZqw6fHwk6SIK5HWP55wzuLaF6TTqBu
265,['조던 피터슨[Jordan B Peterson]'],"트럼프의 아이큐, 지능 얼마나 될까? 심리학 교수가 말한다 [자막] - YouTube",https://www.youtube.com/watch?v=4bx8DCOHeFE&list=PLmVZqw6fHwk6SIK5HWP55wzuLaF6TTqBu&index=4
266,['조던 피터슨[Jordan B Peterson]'],하버드대 강연 - 대학을 가는 이유 [자막] - YouTube,https://www.youtube.com/watch?v=rtLO2iTnQ2s&index=5&list=PLmVZqw6fHwk6SIK5HWP55wzuLaF6TTqBu
267,['조던 피터슨[Jordan B Peterson]'],"(전)하버드대 교수, 페미니스트 앵커와의 토론 [자막] - YouTube",https://www.youtube.com/watch?v=N7cf_DW5CQc&index=6&list=PLmVZqw6fHwk6SIK5HWP55wzuLaF6TTqBu
268,['조던 피터슨[Jordan B Peterson]'],의미있는 삶을 살려면 - 조던 피터슨,https://www.youtube.com/watch?v=lVoGPvXXiTo&list=PLmVZqw6fHwk6SIK5HWP55wzuLaF6TTqBu&index=7
269,['주식'],Money Definition - NASDAQ.com,https://www.nasdaq.com/investing/glossary/m/money
270,['주식'],Stock Market Terms - Stock Market Vocabulary: Glossary of Terms | TMXmoney,https://www.tmxmoney.com/en/investor_tools/glossary.html
271,['주식'],Stock Market,https://www.investopedia.com/terms/s/stockmarket.asp
272,['주식'],Marketdata,http://marketdata.krx.co.kr/main/main.jsp
273,['주식'],용어 - Google Drive,https://drive.google.com/drive/folders/1ZaRaf4cg8Lfud7x1Jvo4ZnBrF1lp46IK
274,['중국어'],중국어 학습 - Google Docs,https://docs.google.com/document/d/19_Eb5ojCRd8wxgU4b-l5mXEXWbvjUtr-YECECYH7hQ4/edit#heading=h.v978dotux2lc
275,"['중국어', '학습자료']",中庸（中国古代儒家经典）_百度百科,https://baike.baidu.com/item/%E4%B8%AD%E5%BA%B8/5700593
276,"['중국어', '학습자료']",서울특별시교육청 전자도서관,http://e-lib.sen.go.kr/index.php
277,"['중국어', '학습자료']",서울도서관,http://lib.seoul.go.kr/
278,"['중국어', '학습자료']",중급중국어 - YouTube,https://www.youtube.com/playlist?list=PLjs7guiALzWJSKTQSzSdP21m6DESRfCa3
279,"['중국어', '학습자료']",김성민 중국어 - YouTube,https://www.youtube.com/user/hongiktv/videos
280,"['중국어', '학습자료']",문정아중국어 - YouTube,https://www.youtube.com/user/moonja2130/videos
281,"['중국어', '학습자료']",MandarinX 中文客 Official - YouTube,https://www.youtube.com/channel/UCHErboD8-sT_WUeE5QnYgyQ/videos
282,"['중국어', '학습자료']",Learn Chinese with ChineseClass101.com - YouTube,https://www.youtube.com/channel/UCJhnlRY-oKpanPGSvL8Ml8Q
283,"['중국어', '문정아중국어']",[리듬 중국어 Step 1] 1과 - 중국어 워밍업,http://free.no1hsk.star.skcdn.com/free_lec/sample/cv/rtc_01-001_H.mp4
284,"['중국어', '문정아중국어']",[리듬 중국어 Step 1] 2과 - 안녕! 你好!,http://free.no1hsk.star.skcdn.com/free_lec/sample/cv/rtc_01-003_H.mp4
285,"['중국어', '문정아중국어']",[리듬 중국어 Step 1] 3과 - 잘 가! 再见!,http://free.no1hsk.star.skcdn.com/free_lec/sample/cv/rtc_01-005_H.mp4
286,"['중국어', '문정아중국어']",[리듬 중국어 Step 1] 4과 - 고마워! 谢谢!,http://free.no1hsk.star.skcdn.com/free_lec/sample/cv/rtc_01-007_H.mp4
287,"['중국어', '문정아중국어']",[리듬 중국어 Step 1] 5과 - 미안해! 对不起!,http://free.no1hsk.star.skcdn.com/free_lec/sample/cv/rtc_01-009_H.mp4
288,"['중국어', '문정아중국어']","[리듬 중국어 Step 1] 발음 연마 (1) - 운모 a, o, e",http://free.no1hsk.star.skcdn.com/free_lec/sample/cv/rtc_01-002_H.mp4
289,"['중국어', '문정아중국어']","[리듬 중국어 Step 1] 발음 연마 (2) - 운모 i, u, ü",http://free.no1hsk.star.skcdn.com/free_lec/sample/cv/rtc_01-004_H.mp4
290,"['중국어', '문정아중국어']","[리듬 중국어 Step 1] 발음 연마 (3) - 성모 b, p, m, f",http://free.no1hsk.star.skcdn.com/free_lec/sample/cv/rtc_01-006_H.mp4
291,"['중국어', '문정아중국어']","[리듬 중국어 Step 1] 발음 연마 (4) - 성모 d, t, n, l",http://free.no1hsk.star.skcdn.com/free_lec/sample/cv/rtc_01-008_H.mp4
292,"['중국어', '문정아중국어']","[리듬 중국어 Step 1] 발음 연마 (5) - 성모 g, k, h",http://free.no1hsk.star.skcdn.com/free_lec/sample/cv/rtc_01-010_H.mp4
293,"['중국어', '문정아중국어']",[왕초보 일대일 과외] 01. 나는 간다 '주어+동사',http://free.no1hsk.star.skcdn.com/free_lec/sample/cv/bs20170102001_H.mp4
294,"['중국어', '문정아중국어']",[왕초보 일대일 과외] 02. 나는 안 가 '주어+不+동사',http://free.no1hsk.star.skcdn.com/free_lec/sample/cv/bs20170102002_H.mp4
295,"['중국어', '문정아중국어']",[왕초보 일대일 과외] 03. 너 가니? '주어+동사+吗?',http://free.no1hsk.star.skcdn.com/free_lec/sample/cv/bs20170102003_H.mp4
296,"['중국어', '문정아중국어']",[왕초보 일대일 과외] 04. 나 밥 먹는다~ '주어+동사+목적어',http://free.no1hsk.star.skcdn.com/free_lec/sample/cv/bs20170102004_H.mp4
297,"['중국어', '문정아중국어']",[왕초보 일대일 과외] 05. 나는 잘 지내 '주어+형용사',http://free.no1hsk.star.skcdn.com/free_lec/sample/cv/bs20170102005_H.mp4
298,"['중국어', '문정아중국어']",[중국어 첫걸음 대박패턴 100] 001. ~는 간다 ‘......去’,http://free.no1hsk.star.skcdn.com/free_lec/sample/cv/pt_01-001_H.mp4
299,"['중국어', '문정아중국어']",[중국어 첫걸음 대박패턴 100] 002. 나는 ~한다 ‘我......’,http://free.no1hsk.star.skcdn.com/free_lec/sample/cv/pt_01-002_H.mp4
300,"['중국어', '문정아중국어']",[중국어 첫걸음 대박패턴 100] 003. ~하지 않다 ‘不+동사’,http://free.no1hsk.star.skcdn.com/free_lec/sample/cv/pt_01-003_H.mp4
301,"['중국어', '문정아중국어']",[특강] 세상에 없던 가장 쉬운 중국어 학습법 - 1부,http://free.no1hsk.star.skcdn.com/free_lec/sample/special/special_20170106-01_H.mp4
302,"['중국어', '문정아중국어']",[특강] 세상에 없던 가장 쉬운 중국어 학습법 - 2부,http://free.no1hsk.star.skcdn.com/free_lec/sample/special/special_20170106-02_H.mp4
303,"['중국어', '문정아중국어']",[DREAM 1] 01. 기초다지기 - 단어 코치,http://free.no1hsk.star.skcdn.com/free_lec/sample/cv/dc_01-012_H.mp4
304,"['중국어', '문정아중국어']",[DREAM 1] 01. 기초다지기 - 연습 문제,http://free.no1hsk.star.skcdn.com/free_lec/sample/cv/dc_01-016_H.mp4
305,"['중국어', '문정아중국어']",[DREAM 1] 01. 기초다지기 - 회화 코치 1 - ① : 안녕하세요.,http://free.no1hsk.star.skcdn.com/free_lec/sample/cv/dc_01-013_H.mp4
306,"['중국어', '문정아중국어']","[DREAM 1] 01. 기초다지기 - 회화 코치 1 - ②, 2 - ① : 잘 지냈어요. 감사합니다.",http://free.no1hsk.star.skcdn.com/free_lec/sample/cv/dc_01-014_H.mp4
307,"['중국어', '문정아중국어']",[DREAM 1] 01. 기초다지기 - 회화 코치 2 - ② : 안 바빠요. / 피곤하세요?,http://free.no1hsk.star.skcdn.com/free_lec/sample/cv/dc_01-015_H.mp4
308,"['중국어', '쉬운 중국어 CHIN', '문정아중국어']",발음 강의 1__운모,http://free.no1hsk.star.skcdn.com/free_lec/sample/cv/chin_pronunciation01_H.mp4
309,"['중국어', '쉬운 중국어 CHIN', '문정아중국어']",발음 강의 2__성모,http://free.no1hsk.star.skcdn.com/free_lec/sample/cv/chin_pronunciation02_H.mp4
310,"['중국어', '쉬운 중국어 CHIN', '문정아중국어']",발음 강의 3__성조,http://free.no1hsk.star.skcdn.com/free_lec/sample/cv/chin_pronunciation03_H.mp4
311,"['중국어', '쉬운 중국어 CHIN', '문정아중국어']",STEP1_01_인사말,http://free.no1hsk.star.skcdn.com/free_lec/sample/cv/chin_STEP1_01_H.mp4
312,"['중국어', '쉬운 중국어 CHIN', '문정아중국어']",STEP1_02_대명사,http://free.no1hsk.star.skcdn.com/free_lec/sample/cv/chin_STEP1_02_H.mp4
313,"['중국어', '쉬운 중국어 CHIN', '문정아중국어']",STEP1_03_계세요?,http://free.no1hsk.star.skcdn.com/free_lec/sample/cv/chin_STEP1_03_H.mp4
314,"['중국어', '쉬운 중국어 CHIN', '문정아중국어']",STEP1_04_사랑해요,http://free.no1hsk.star.skcdn.com/free_lec/sample/cv/chin_STEP1_01_H.mp4
315,"['중국어', '문정아중국어']",新HSK 한권이면 끝 3급- 듣기1부분 날씨와 건강,http://free.no1hsk.star.skcdn.com/free_lec/sample/hsk/he10301002_H.mp4
316,"['중국어', '문정아중국어']","新HSK 한권이면 끝 3급- 듣기1부분 여가생활(쇼핑,여행,오락)",http://free.no1hsk.star.skcdn.com/free_lec/sample/hsk/he10301003_H.mp4
317,"['중국어', '문정아중국어']","新HSK 한권이면 끝 3급- 듣기1부분 일상생활(회사,집,학교)",http://free.no1hsk.star.skcdn.com/free_lec/sample/hsk/he10301001_H.mp4
318,"['중국어', '문정아중국어']",新HSK 한권이면 끝 4급- 독해 1부분 01. 화려하게 수식해주는 ‘문장의 꽃’ 부사 ①,http://free.no1hsk.star.skcdn.com/free_lec/sample/hsk/he10401016_H.mp4
319,"['중국어', '문정아중국어']",新HSK 한권이면 끝 4급- 독해 1부분 01. 화려하게 수식해주는 ‘문장의 꽃’ 부사 ②,http://free.no1hsk.star.skcdn.com/free_lec/sample/hsk/he10401017_H.mp4
320,"['중국어', '문정아중국어']",新HSK 한권이면 끝 4급- 독해 1부분 02. 한자와 싱크로율 100%인 명사,http://free.no1hsk.star.skcdn.com/free_lec/sample/hsk/he10401018_H.mp4
321,"['중국어', '문정아중국어']",新HSK 한권이면 끝 6급- 실전 모의고사 듣기 (1-7번),http://free.no1hsk.star.skcdn.com/free_lec/sample/hsk/he10601067_H.mp4
322,"['중국어', '문정아중국어']",新HSK 한권이면 끝 6급- 실전 모의고사 듣기 (8-15번),http://free.no1hsk.star.skcdn.com/free_lec/sample/hsk/he10601068_H.mp4
323,"['중국어', '문정아중국어']",新HSK 한권이면 끝 6급- 실전 모의고사 듣기 (16-25번),http://free.no1hsk.star.skcdn.com/free_lec/sample/hsk/he10601069_H.mp4
324,"['중국어', '문정아중국어']",한국인이 가장 틀리기 쉬운 중국어 발음 1 – 단운모,http://free.no1hsk.star.skcdn.com/free_lec/sample/cv/cp201501001_H.mp4
325,"['중국어', '문정아중국어']",한국인이 가장 틀리기 쉬운 중국어 발음 2 – 복운모 #1,http://free.no1hsk.star.skcdn.com/free_lec/sample/cv/cp201501002_H.mp4
326,"['중국어', '문정아중국어']",HSK는 스킬이다 (5급) - 1강 (듣기 1부분),http://free.no1hsk.star.skcdn.com/free_lec/sample/hsk/hskskill5001_H.mp4
327,"['중국어', '문정아중국어']",HSK는 스킬이다 (5급) - 2강 (듣기 1부분),http://free.no1hsk.star.skcdn.com/free_lec/sample/hsk/hskskill5002_H.mp4
328,"['중국어', '문정아중국어']",HSK는 스킬이다 (5급) - 3강 (듣기 1부분),http://free.no1hsk.star.skcdn.com/free_lec/sample/hsk/hskskill5003_H.mp4
329,"['중국어', '문정아중국어']",THE 중국어 STEP 1__발음연습1,http://127.0.0.1:3450/http://no1hsk.star.skcdn.com/cv/tc/tc_01-001_H.mp4?sid=140228608338064
330,"['TSC 한권이면 끝', '중국어', '문정아중국어']",Orientation TSC 소개  [p.4-8] / 第一部分 - point 01-04 [p.16-21],http://free.no1hsk.star.skcdn.com/free_lec/sample/cv/TH2014101001H.mp4
331,"['TSC 한권이면 끝', '중국어', '문정아중국어']","第二部分-point 01. 시간/날짜/요일에 관한 표현 ①문제 1-2번 / 실력다지기 1-5번 [p.24-27, 31]",http://free.no1hsk.star.skcdn.com/free_lec/sample/cv/TH2014101002H.mp4
332,"['TSC 한권이면 끝', '중국어', '문정아중국어']","第二部分-point 01. 시간/날짜/요일에 관한 표현 ②문제 3-5번 / 실력다지기 6-10번 [p.25, 28-31]",http://free.no1hsk.star.skcdn.com/free_lec/sample/cv/TH2014101003H.mp4
333,"['TSC 한권이면 끝', '중국어', '문정아중국어']","第二部分-point 02. 장소에 관한 표현 ①문제 1-2번 / 실력다지기 1-5번 [p.32-35, 40]",http://free.no1hsk.star.skcdn.com/free_lec/sample/cv/TH2014101004H.mp4
334,"['TSC 한권이면 끝', '중국어', '문정아중국어']","第二部分-point 02. 장소에 관한 표현 ②문제 3-5번 / 실력다지기 6-10번 [p.33, 36-40]",http://free.no1hsk.star.skcdn.com/free_lec/sample/cv/TH2014101005H.mp4
335,"['학습법', '중국어']","""세상에서 가장 쉬운 중국어~"" 600년 전의 비밀을 파헤치는 천지인 중국어 특강!! - YouTube",https://www.youtube.com/watch?v=Z-TILXvpDaI&list=PLP9YOa5MTwu1U2frDghcxXwE7ckOEqT-D
336,"['학습법', '중국어']",[SLHI] 한자간체자 전무후무 학습비법 - YouTube,https://www.youtube.com/watch?v=0WqQWtWmcfk&index=2&list=PLP9YOa5MTwu1U2frDghcxXwE7ckOEqT-D
337,"['학습법', '중국어']","송호순의 한방에 끝내는 부수 214, 1부'(한자 탄생의 비밀&부수 특강:자연편) - YouTube",https://www.youtube.com/watch?v=Ez9I1YK5H2A&list=PLP9YOa5MTwu1U2frDghcxXwE7ckOEqT-D&index=3
338,"['학습법', '중국어']",[ 천지인 중국어 ] 안은주 선생님의 회화 입문 샘플 - YouTube,https://www.youtube.com/watch?v=mpSkQGFGxOw&list=PLP9YOa5MTwu1U2frDghcxXwE7ckOEqT-D&index=4
339,"['학습법', '중국어']",[ 천지인 중국어 ] 안은주 선생님의 '동자이음' - 인트로1 - YouTube,https://www.youtube.com/watch?v=8AafzqR-uhM&list=PLP9YOa5MTwu1U2frDghcxXwE7ckOEqT-D&index=5
340,"['중국어', '영화']",天下无双(神雕侠侣主题曲) - 张靓颖 | Shazam,https://www.shazam.com/ko/track/44464348/%E5%A4%A9%E4%B8%8B%E6%97%A0%E5%8F%8C%E7%A5%9E%E9%9B%95%E4%BE%A0%E4%BE%A3%E4%B8%BB%E9%A2%98%E6%9B%B2#referrer=shazamformac
341,"['중국어', '영화']",역대 중국 사극 드라마 1부 : 삼황오제부터 위진 남북조 시기까지 시대별 사극 드라마 추천 - 외계인 지구별을 탐하다,https://alienbeing.tistory.com/51
342,"['중국어', '영화']",적벽대전 2 : 최후의 결전 (2009) - 동영상 Dailymotion,https://www.dailymotion.com/video/x68ddki
343,"['중국어', '영화']",황후花 (황후화) (2006) - 동영상 Dailymotion,https://www.dailymotion.com/video/x69zlyb
344,"['중국어', '영화']",Hero (2002) pt. 1 - 동영상 Dailymotion,https://www.dailymotion.com/video/x12smjx
345,"['중국어', '영화']","Explora 218 shows de China- Dramas de Corea, Dramas de Taiwan, Anime y Telenovelas gratis con subtítulos - Rakuten Viki",https://www.viki.com/explore?country=china
346,"['드라마', '致我们单纯的小美好', '중국어']",S01E02,https://www.youtube.com/watch?v=cSZuPxuw9-4&frags=pl%2Cwn
347,"['드라마', '致我们单纯的小美好', '중국어']",致我们单纯的小美好 - Google Search,https://www.google.com/search?client=safari&rls=en&q=%E8%87%B4%E6%88%91%E4%BB%AC%E5%8D%95%E7%BA%AF%E7%9A%84%E5%B0%8F%E7%BE%8E%E5%A5%BD&ie=UTF-8&oe=UTF-8
348,['중용 中庸 '],"중용 ,인간의 맛(1~36강)__도올 - YouTube",https://www.youtube.com/playlist?list=PLM79DZYYdoYPDYVvnBD7HOBbXjXi9mbWy
349,['중용 中庸 '],Zhongyong 中庸 (www.chinaknowledge.de),http://www.chinaknowledge.de/Literature/Classics/zhongyong.html
350,['중용 中庸 '],Doctrine of the Mean 中庸__Translated by A. Charles Muller,http://www.acmuller.net/con-dao/docofmean.html
351,['중국어 청취 입문__한양대학교 한희창__KOCW'],제 2강__한어 병음 읽기 제 1과 병음 읽기 연습 숫자와 인사말.mp4,http://vod3.kocw.net/media/v2/lec/2015/first_term/hanyang_erica/hanheechang/1-1.mp4
352,['중국어 청취 입문__한양대학교 한희창__KOCW'],제 3강__한어병음 읽기 연습 제 2과 인칭대명사와 중국어 문장의 기본 어순,http://vod3.kocw.net/media/v2/lec/2015/first_term/hanyang_erica/hanheechang/2-1.mp4
353,['집밥-백선생'],백종원의 매콤달콤 ′닭볶음탕′ 황금레시피! 집밥 백선생 28화 - YouTube,https://www.youtube.com/watch?v=0t9y90LOQMQ
354,['집밥-백선생'],tvnzipbob2 오븐 없이 만든다! 이탈리아 오믈렛 ′프리타타′ 비법! 160614 EP.13 - YouTube,https://www.youtube.com/watch?v=9maF43gUgII&list=PLP9YOa5MTwu2coxMJ7J9WPAHjixbYAUNA
355,['집밥-백선생'],백선생의 ′파기름 오징어 볶음′ 레시피 대공개! 집밥 백선생 10화 - YouTube,https://www.youtube.com/watch?v=3QdSUJJM57o&list=PLP9YOa5MTwu2coxMJ7J9WPAHjixbYAUNA&index=2
356,['집밥-백선생'],tvnzipbob2 어떻게 먹어도 맛있다! 백선생 ′볶음고추장′ 레시피 160802 EP.20 - YouTube,https://www.youtube.com/watch?v=P_hB-HCZ7x4&index=3&list=PLP9YOa5MTwu2coxMJ7J9WPAHjixbYAUNA
357,['집밥-백선생'],"백종원, 달짝지근 ′떡볶이 소스′ 황금비율 공개! 집밥 백선생 26화 - YouTube",https://www.youtube.com/watch?v=pJv8cjLOVY0&list=PLP9YOa5MTwu2coxMJ7J9WPAHjixbYAUNA&index=5
358,['집밥-백선생'],tvnzipbob3 마법가루(?) 하나로 완성하는 ′국물떡볶이′ 170502 EP.12 - YouTube,https://www.youtube.com/watch?v=ONX_8kgnbpE&list=PLP9YOa5MTwu2coxMJ7J9WPAHjixbYAUNA&index=6
359,['집밥-백선생'],tvnzipbob3 대박 레시피의 등장! ′구운달걀 카레덮밥′ 170411 EP.9 - YouTube,https://www.youtube.com/watch?v=RBnnEpCVYn4&list=PLP9YOa5MTwu2coxMJ7J9WPAHjixbYAUNA&index=7
360,['집밥-백선생'],tvnzipbob3 마늘 하나로 이런 맛이?! ′마늘볶음밥′ 170606 EP.17 - YouTube,https://www.youtube.com/watch?v=lJ7hGh0usTs&list=PLP9YOa5MTwu2coxMJ7J9WPAHjixbYAUNA&index=8
361,['집밥-백선생'],tvnzipbob2 1분만에 뚝딱! ′양파덮밥′ 비법은? 190830 EP.24 - YouTube,https://www.youtube.com/watch?v=C0euJjkCRsk&list=PLP9YOa5MTwu2coxMJ7J9WPAHjixbYAUNA&index=9
362,['집밥-백선생'],tvnzipbob2 규동아닌 규동같은 ′돼지불고기 덮밥′과 일본 속으로! 160607 EP.12 - YouTube,https://www.youtube.com/watch?v=S9zXXYQYlVQ&list=PLP9YOa5MTwu2coxMJ7J9WPAHjixbYAUNA&index=10
363,['집밥-백선생'],tvnzipbob3 집에서 있는 재료로 OK! 태국대표 ′팟타이′ 170911 EP.31 - YouTube,https://www.youtube.com/watch?v=Maq3t0bZ75o&index=11&list=PLP9YOa5MTwu2coxMJ7J9WPAHjixbYAUNA
364,['집밥-백선생'],tvnzipbob2 부드러운데 바삭한 ′중국식 볶음우동′ 비법 160705 EP.16 - YouTube,https://www.youtube.com/watch?v=UCNLBAaYGHo&index=12&list=PLP9YOa5MTwu2coxMJ7J9WPAHjixbYAUNA
365,['집청소'],묵은 먼지 청소하는 방법 - YouTube,https://www.youtube.com/watch?v=5mxDP6VwTcs&list=PLP9YOa5MTwu3SUylNopTqxLQOaGMPg2rP&index=5
366,['집청소'],부모(생활백과) - 묵은 때 까지 제거하는 환골탈태 청소법_#002 - YouTube,https://www.youtube.com/watch?v=ocFBpBo8-jw&list=PLP9YOa5MTwu3SUylNopTqxLQOaGMPg2rP&index=6
367,['집청소'],부모(생활백과) - 묵은 때 까지 제거하는 환골탈태 청소법_#003 - YouTube,https://www.youtube.com/watch?v=-r27jL5-gc4&list=PLP9YOa5MTwu3SUylNopTqxLQOaGMPg2rP&index=7
368,['집청소'],부모(생활백과) - 묵은 때 까지 제거하는 환골탈태 청소법_#001 - YouTube,https://www.youtube.com/watch?v=5mmZP-FZz0U&index=8&list=PLP9YOa5MTwu3SUylNopTqxLQOaGMPg2rP
369,['집청소'],"부모(생활백과) - 수명을 늘리는 가전제품, 가구 청소법_#001 - YouTube",https://www.youtube.com/watch?v=KvETxCIgoRk&index=9&list=PLP9YOa5MTwu3SUylNopTqxLQOaGMPg2rP
370,['집청소'],"부모(생활백과) - 수명을 늘리는 가전제품, 가구 청소법_#003 - YouTube",https://www.youtube.com/watch?v=VIVNnxbspS4&index=10&list=PLP9YOa5MTwu3SUylNopTqxLQOaGMPg2rP
371,['집청소'],식초 하나로 우리집 욕실을 호텔처럼! [꿀팁's 11회] #잼스터 - YouTube,https://www.youtube.com/watch?v=2SXOm5hWMhI&index=11&list=PLP9YOa5MTwu3SUylNopTqxLQOaGMPg2rP
372,['집청소'],대리주부 청소노하우 10편 - 천연세제 사용법 - YouTube,https://www.youtube.com/watch?v=zilnPO6AcAA&index=12&list=PLP9YOa5MTwu3SUylNopTqxLQOaGMPg2rP
373,['집청소'],마법의 가루 베이킹소다 활용법 총정리! 52가지 놀라운 용도 1탄 - YouTube,https://www.youtube.com/watch?v=PZedeSEnSbM&index=13&list=PLP9YOa5MTwu3SUylNopTqxLQOaGMPg2rP
374,['집청소'],대리주부 9단 - YouTube,https://www.youtube.com/channel/UC5OKYjJECGgLMnXz6aIfuog
375,['집청소'],Dytto - YouTube,https://www.youtube.com/channel/UCTesUFAyrcKy_uwvLt3uq0g
376,['최교일'],"[청문회 영상] 최교일 의원 ""정동춘 당신 때문에 정신적 고통 겪었다"" / YTN (Yes! Top News) - YouTube",https://www.youtube.com/watch?v=Mrd35Gqxf2g&list=PLP9YOa5MTwu34LOXo-XWcag4YIYODW6Ij
377,['최교일'],"[풀영상] 최교일 ""정동춘 증인 때문에 많은 고통 받았어요~"" 정동춘 ""나도 그래요~"" - YouTube",https://www.youtube.com/watch?v=trThdsxKQ34&list=PLP9YOa5MTwu34LOXo-XWcag4YIYODW6Ij&index=2
378,['태극 太極 '],태극과_8괘(건곤감리),http://www.keei.re.kr/web_keei/d_results.nsf/0/C0A13ABB7824192E49258290002CF255/$file/180427_%EC%A0%9C17%EA%B8%B0%20%EC%97%90%EB%84%88%EC%A7%80%EA%B3%A0%EC%9C%84%EA%B2%BD%EC%98%81%EC%9E%90%EA%B3%BC%EC%A0%95%205%EC%A3%BC%EC%B0%A8%202%ED%8A%B9%EA%B0%95%20%EB%B0%9C%ED%91%9C%EC%9E%90%EB%A3%8C.pdf
379,['태극 太極 '],湘來和台妹 :: 우리 생활속에서 쉽게 접할 수 있는 주역,http://krlai.com/859
380,['태극 太極 '],"한국교육개발원 KEDI on Twitter: ""[#이벤트]#태극기 #퀴즈! 태극기의 4괘의 의미를 맞혀주세요~#응모 는 8/5(수)까지 입니다~#휴대용_선풍기를 드리오니, 많은 관심과 참여 부탁드립니다^^▶http://t.co/2f9Y1VctnE http://t.co/YS8vhhPzYJ""",https://twitter.com/kedi_pr/status/626919528992108545
381,['프로그래밍-학습'],Coding Bootcamp - Nationwide Top Coding School | Coding Dojo,https://www.codingdojo.com/
382,['프로그래밍-학습'],freeCodeCamp.org,https://medium.freecodecamp.org/
383,['프로그래밍-학습'],Learn to Code and Help Nonprofits | freeCodeCamp,https://www.freecodecamp.org/?ref=mn
384,['프로그래밍-학습'],W3Schools Online Web Tutorials,https://www.w3schools.com/
385,['프로그래밍-학습'],Seoul Wiz - YouTube,https://www.youtube.com/user/WizcenterSeoul/playlists
386,['프로그래밍-학습'],Academind - YouTube,https://www.youtube.com/channel/UCSJbGtTlrDami-tDGPUV9-w/playlists
387,['프로그래밍-학습'],London App Developer - YouTube,https://www.youtube.com/channel/UC3RtgbslbAvE-5FFBkSgpig/videos
388,['프로그래밍-학습'],생활코딩 - YouTube,https://www.youtube.com/user/egoing2/playlists
389,['프로그래밍-학습'],London App Developer,https://www.londonappdeveloper.com/category/ubuntu/
390,['프로그래밍언어'],5 Tips To Improve Productivity - YouTube,https://www.youtube.com/watch?v=le_NLSXWt1E&index=37&list=WL&frags=pl%2Cwn
391,['프로그래밍언어'],자료구조와 알고리즘 시각화 도구 - YouTube,https://www.youtube.com/watch?v=k0GHDQ0pqXY&index=3&list=WL&frags=pl%2Cwn
392,['프로그래밍언어'],Hack (programming language) - Wikipedia,https://en.wikipedia.org/wiki/Hack_(programming_language)
393,['프로그래밍언어'],TechLead - YouTube,https://www.youtube.com/channel/UC4xKdmAXFh4ACyhpiQ_3qBw
394,['프로그래밍언어-선택'],"2014__NODE.JS 글로벌 기업 적용 사례 그리고, real-time 어플리케이션 개발하기",https://www.slideshare.net/JohnKim0331/ms-meltingpot-seminar
395,['프로그래밍언어-선택'],"2016__Best NoSQL Database - Database Trends and Applications__[ranking,db]",http://www.dbta.com/Editorial/Trends-and-Applications/Best-NoSQL-Database-112597.aspx
396,['프로그래밍언어-선택'],2016__Top Programming Languages for the Full Stack Web Developer__[ranking],https://www.codingdojo.com/blog/best-programming-languages-full-stack-web-developer/
397,['프로그래밍언어-선택'],2017__웹개발의 다섯가지 특징 - Tokyo Branch__[web-dev],https://www.tokyobranch.net/archives/7324
398,['프로그래밍언어-선택'],DB-Engines Ranking - popularity ranking - Google Search,https://www.google.com/search?source=hp&ei=rTMuXNr0KeLprgS7qqPoCw&q=DB-Engines+Ranking+-+popularity+ranking&btnK=Google+Search&oq=DB-Engines+Ranking+-+popularity+ranking&gs_l=psy-ab.3..33i160.953.953..1182...0.0..1.153.375.0j3......0....1j2..gws-wiz.....0.FZqZfN0oq8Q
399,['프로그래밍언어-선택'],The 9 Most In-Demand Programming Languages of 2016 | Coding Dojo Blog__[ranking],https://www.codingdojo.com//blog/9-most-in-demand-programming-languages-of-2016/
400,['프로그래밍언어-선택'],Top 4 Programming Languages to Learn in 2019 to Get a Job Without a College Degree__[ranking],https://www.youtube.com/watch?v=YWWfQ_aRu6g&frags=pl%2Cwn
401,['프로그래밍언어-선택'],Top 5 programming language in 2019 with Learning Paths - YouTube__[ranking],https://www.youtube.com/watch?v=pvf0zSh3rDo&frags=pl%2Cwn
402,['한국어'],국립국어원,http://www.korean.go.kr/
403,['한국어'],국립국어원 표준국어대사전,http://stdweb2.korean.go.kr/main.jsp#
404,['한국어'],다음 국어사전,http://dic.daum.net/index.do?dic=kor
405,['한국어'],연세대학교 한국어학당 - YouTube,https://www.youtube.com/channel/UCOfR_0desr7YmnwDbpw2zNQ/videos
406,['한국어'],aprenspan - YouTube,https://www.youtube.com/user/aprenspan/videos
407,['한국어'],Learn Korean with KoreanClass101.com - YouTube,https://www.youtube.com/channel/UCsgBUobNGksxIKTagZayKEw
408,['한국어'],말하기 어려운 한국말! Difficult Korean Words! - YouTube,https://www.youtube.com/watch?v=ZcwckaoNDhc&t=0s&index=28&list=PLP9YOa5MTwu3pcSkaL_UW7yJy3ZxClSF3
409,"['한글,훈민정음']",한글 재생목록,https://www.youtube.com/playlist?list=PLP9YOa5MTwu3pcSkaL_UW7yJy3ZxClSF3
410,"['한글,훈민정음']",한국의 역사 - YouTube,https://www.youtube.com/playlist?list=PLP9YOa5MTwu3u1-8_cxG6KncHn4WJXRSf
411,"['한글,훈민정음']",Spaniards learning Korean_한국어를 배우는 스페인 사람들 - YouTube,https://www.youtube.com/watch?v=Zp1UswyZL30&list=PLP9YOa5MTwu1iQ_z77xUbZz4GEXI6gvUS&index=2
412,"['한글,훈민정음']","하나의 동포, 두 개의 한글학교 [YTN 특별기획] / YTN KOREAN - YouTube",https://www.youtube.com/watch?v=FoiRvYDjzHo&frags=pl%2Cwn
413,"['한글,훈민정음']","161009 KBS 한글날 특집 방송 한국어, 세계와 통하다 - YouTube",https://www.youtube.com/watch?v=2D4TfEUbkjY&t=18s&frags=pl%2Cwn
414,"['한글,훈민정음']",2018 KBS 한글날 특집방송 우린 한국어로 놀아요 - YouTube,https://www.youtube.com/watch?v=GJkFKW_-OHY&frags=pl%2Cwn
415,"['한글,훈민정음']",한국인도 거의 없는 도시에서 피어난 한국 사랑 / YTN KOREAN - YouTube,https://www.youtube.com/watch?v=5Il5byii91U&frags=pl%2Cwn
416,"['한글,훈민정음']",[미국의 한국어 열풍] 제1부 - St. Joseph 고등학교 - YouTube,https://www.youtube.com/watch?v=3MBuxB73oL8&frags=pl%2Cwn
417,['헤어'],BARBARHAED BAEK SOONSIK - YouTube,https://www.youtube.com/channel/UCsprMnO81YR_rV2bz-1VyHg
418,['황상민'],황상민_심리학자_잠룡의 뇌 - YouTube,https://www.youtube.com/playlist?list=PLP9YOa5MTwu2go2-OTtTkzxjWHDfVti6m
419,['AI'],공공 인공지능 오픈 API·DATA 서비스 포털,http://aiopen.etri.re.kr/
420,['AI'],Artificial Intelligence (AI)__CSMM.101x__Columbia-edX__2018,https://courses.edx.org/courses/course-v1:ColumbiaX+CSMM.101x+1T2018/course/
421,['AI'],Human and Artificial Intelligence May Be Equally Impossible to Understand,http://nautil.us/issue/40/learning/is-artificial-intelligence-permanently-inscrutable
422,['Android'],How to ROOT Almost Any Android Device[HD] - YouTube,https://www.youtube.com/watch?v=NmY9AkzrRTw&list=PLP9YOa5MTwu1MoxkbClUxYeXSFsRzo_Ix
423,['Android'],Android ADB Shell Tutorial - YouTube,https://www.youtube.com/watch?v=1WcYXpFCjFs&list=PLP9YOa5MTwu1MoxkbClUxYeXSFsRzo_Ix&index=2&frags=pl%2Cwn
424,['Asset'],자산관리 - Google Docs,https://docs.google.com/document/d/1PjCrYgKsK2A2TNhSYf7cduIVgTvwk1HDm7PnpfT9iKY/edit#
425,['Asset'],동부Direct-개인용자동차보험__2013.11--2014.11 - Google Drive,https://drive.google.com/drive/folders/0B5MVOBCKNTfiU0I1MGdORmFuZlk
426,['Asset'],삼성화재 애니카 다이렉트 자동차보험__2014.11--2015.11 - Google Drive,https://drive.google.com/drive/folders/0B5MVOBCKNTfiNy1rSTZjb0JGMjQ
427,['Asset'],KB매직카다이렉트(인터넷)개인용자동차보험__2016.11--2017.11 - Google Drive,https://drive.google.com/drive/folders/0B5MVOBCKNTfiUEpvZThPd2xaTEk
428,['Asset'],크루즈-블랙박스설치-사진촬영 - Google Drive,https://drive.google.com/drive/folders/0B5MVOBCKNTficUtfc3MweGtDQjA
429,['Asset'],KB매직카다이렉트(인터넷)개인용자동차보험__2017.11.23--2018.11.23 - Google Drive,https://drive.google.com/drive/folders/1rRUxkS-ynzTArZY_sPnl2THBxBXJb-KV
430,['Bitcoin'],"1.30(화) 김어준의 뉴스공장 / 김은지, 송기석, 유시민, 정태인 - YouTube",https://www.youtube.com/watch?v=wgusGOvLf3o&list=PLP9YOa5MTwu01t3aXCu73iC5kpoA7jZWQ
431,['chrome_browser'],세상을 바꾸는 작은 힘! : 네이버 블로그,https://itwasnothing.blog.me/140105621315
432,['chrome_browser'],Javascript / jQuery debugging using Chrome Developer Tools explained in 3 mins - YouTube,https://www.youtube.com/watch?v=aQb2-RIst0Q&list=PLP9YOa5MTwu1lW5sLt-VRjkqjarGpeRvG
433,['chrome_browser'],10 Chrome Extensions That Are Amazingly Useful! - YouTube,https://www.youtube.com/watch?v=1dFOSr2KeP8&index=30&list=WL&t=0s
434,['coding-skill'],Dont Repeat Yourself,http://wiki.c2.com/?DontRepeatYourself
435,['coding-skill'],GeeksforGeeks | A computer science portal for geeks,https://www.geeksforgeeks.org/
436,['coding-skill'],홈 | Read the Docs,https://readthedocs.org/
437,['coding-skill'],CS50 Lecture by Mark Zuckerberg - YouTube,https://www.youtube.com/watch?v=xFFs9UgOAlE#t=11
438,['coding-skill'],"S50 Guest Lecture by Mark Zuckerberg"" (2005) - Google Search",https://www.google.com/search?client=safari&rls=en&q=S50+Guest+Lecture+by+Mark+Zuckerberg%22+(2005)&ie=UTF-8&oe=UTF-8
439,"['d3.js', 'Data Visualization and D3.js__udacity']",Lesson 2: D3 Building Blocks - YouTube,https://www.youtube.com/playlist?list=PLP9YOa5MTwu30u14FH6WHOuE_vjROEOf8
440,"['d3.js', 'Data Visualization and D3.js__udacity']",geojson.io,http://geojson.io/#map=2/20.0/0.0
441,['d3.js'],D3.js - Data-Driven Documents__[visualization],https://d3js.org/
442,['d3.js'],Manning | D3.js in Action__[visualization],https://www.manning.com/books/d3-js-in-action
443,['d3.js'],Data Visualization with D3__CS50-Michael Menz__[d3.js],https://www.youtube.com/watch?v=219xXJRh4Lw&list=PLVTPhC-iqPDlKWmu1U75zBQP8hkxGzVEw
444,['d3.js'],"D3 — Scott Murray — alignedleft__[d3.js, visualization]",https://alignedleft.com/tutorials/d3
445,['d3.js'],"Interactive Data Visualization for the Web, 2nd Ed. — Scott Murray — alignedleft__[d3.js, visualization]",https://alignedleft.com/work/d3-book-2e
446,['d3.js'],Learn and Understand D3.js for Data Visualization | Udemy,https://www.udemy.com/learn-d3js-for-data-visualization/?utm_source=adwords-learn&utm_medium=udemyads&utm_campaign=NEW-AW-PROS-TECH-ROW-DSA-1-EN-EURO_._ci__._sl_ENG_._vi_TECH_._sd_All_._la_EN_._&utm_content=deal4584&utm_term=_._ag_57696320791_._ad_318300707723_._de_c_._dm__._pl__._ti_dsa-304639795623_._li_9061036_._pd__._&gclid=Cj0KCQiAj4biBRC-ARIsAA4WaFgEvWFZbzjLw8UHWMCRxI-jC91brge_UQrMj7g0dl_64xSpPivMZh0aAvFsEALw_wcB
447,['d3.js'],dimple - A simple charting API for d3 data visualisations__[d3.js],http://dimplejs.org/
448,['d3.js'],"Home · PMSI-AlignAlytics/dimple Wiki__[doc, dimple.js]",https://github.com/PMSI-AlignAlytics/dimple/wiki
449,['Data-Science'],교육과정__소프트웨어대학 컴퓨터소프트웨어학부__한양대학교,http://cs.hanyang.ac.kr/education/process.php
450,['Data-Science'],선형대수__한양대학교-이상화__KOCW-온라인강의__2013,http://www.kocw.net/home/search/kemView.do?kemId=977757
451,['Data-Science'],확률 및 통계__한양대학교-이상화__KOCW-공개강의__2014,http://www.kocw.net/home/search/kemView.do?kemId=1056974
452,['Data-Science'],Conda: Myths and Misconceptions | Pythonic Perambulations,https://jakevdp.github.io/blog/2016/08/25/conda-myths-and-misconceptions/
453,"['Data-Science', 'Data Science 1 (Introduction to Data Science)__HARVARD_COMPSCI 109A', '시각화']",video5 - YouTube,https://www.youtube.com/watch?v=6WYof9Ns1xI&list=PLP9YOa5MTwu2nTiXLJiqI0i0fJS2rBNQK
454,"['Data-Science', 'Data Science 1 (Introduction to Data Science)__HARVARD_COMPSCI 109A', '시각화']",video6 - YouTube,https://www.youtube.com/watch?v=Yu4ZUkIE1ac&list=PLP9YOa5MTwu2nTiXLJiqI0i0fJS2rBNQK&index=2
455,"['Data-Science', 'Data Science 1 (Introduction to Data Science)__HARVARD_COMPSCI 109A']",Harvard CS 109 - Lecture 2 - YouTube,https://www.youtube.com/watch?v=83DaZ5s8Gbk&list=PLP9YOa5MTwu1fbEWRr26mQYd94iZpBe_X
456,"['Data-Science', 'Data Science 1 (Introduction to Data Science)__HARVARD_COMPSCI 109A']",Harvard CS 109 - Lecture 3 - YouTube,https://www.youtube.com/watch?v=H3U7gjB77Ek&index=2&list=PLP9YOa5MTwu1fbEWRr26mQYd94iZpBe_X
457,"['Data-Science', 'Data Science 1 (Introduction to Data Science)__HARVARD_COMPSCI 109A']",Harvard CS 109 - Lecture 4 - YouTube,https://www.youtube.com/watch?v=O2BWiv2PnbU&list=PLP9YOa5MTwu1fbEWRr26mQYd94iZpBe_X&index=3
458,"['Data-Science', 'Data Science 1 (Introduction to Data Science)__HARVARD_COMPSCI 109A']",video5 - YouTube,https://www.youtube.com/watch?v=6WYof9Ns1xI&index=4&list=PLP9YOa5MTwu1fbEWRr26mQYd94iZpBe_X
459,"['Data-Science', 'Data Science 1 (Introduction to Data Science)__HARVARD_COMPSCI 109A']","video7__스크래핑,수집 - YouTube",https://www.youtube.com/watch?v=JCBBK82MKEk&list=PLP9YOa5MTwu1o_Z3bm_ZhkDAgRFmVGtvv
460,"['Data-Science', 'Data Science 1 (Introduction to Data Science)__HARVARD_COMPSCI 109A']",Harvard CS 109 - Lecture 2 - YouTube,https://www.youtube.com/watch?v=83DaZ5s8Gbk&list=PLF7OWhwlypLl6b-tvTzKQu6pFpCTrs7RF
461,"['Data-Science', 'Data Science 1 (Introduction to Data Science)__HARVARD_COMPSCI 109A']",Harvard CS 109 Lectures - YouTube,https://www.youtube.com/playlist?list=PLPylmrRJ8Rt83uEuNpCPt0_9eg5vAEZo4
462,"['Data-Science', 'Data, Models and Decisions in Business Analytics__Columbia-edX-BAMM.102x__2017']",Course | BAMM.102x | edX,https://courses.edx.org/courses/course-v1:ColumbiaX+BAMM.102x+2T2017/course/
463,"['Data-Science', 'Data, Models and Decisions in Business Analytics__Columbia-edX-BAMM.102x__2017']","Data, Models and Decisions in Business Analytics__Columbia-edX-BAMM.102x__2017 - YouTube",https://www.youtube.com/playlist?list=PLP9YOa5MTwu1zYAwv1m0CatIsTb0RcpBC
464,['Data-Science'],Dataiku - YouTube,https://www.youtube.com/channel/UCSMqVwPTmerMiCaL_zKRjBw/videos
465,['Data-Science'],Dataiku | Your Path to Enterprise AI,https://www.dataiku.com/
466,['Data-Science'],Disadvantages of continuum analytics anaconda/conda : Python,https://www.reddit.com/r/Python/comments/4uj41m/disadvantages_of_continuum_analytics_anacondaconda/
467,['Data-Science'],Distribution - Anaconda,https://www.anaconda.com/distribution/
468,['Data-Science'],"Gapminder: Unveiling the beauty of statistics for a fact based world view.__[visualization,Hans-Rosling]",https://www.gapminder.org/
469,['Data-Science'],Glue Documentation — Glue 0.14.0 documentation,http://docs.glueviz.org/en/stable/index.html
470,['Data-Science'],https://www.ofcom.org.uk/__data/assets/pdf_file/0024/116529/news-consumption-2018.pdf,https://www.ofcom.org.uk/__data/assets/pdf_file/0024/116529/news-consumption-2018.pdf
471,['Data-Science'],Mastering Predictive Analytics With Python PDF Book - Education World Book,https://www.izmirmetropolfm.org/FILE-ID/mastering-predictive-analytics-with-python
472,"['Data-Science', 'Statistics and Probability in Data Science using Python__UCSD-edX__2018']",Course | DSE210x | edX,https://courses.edx.org/courses/course-v1:UCSanDiegoX+DSE210x+3T2017/course/
473,"['Data-Science', 'Statistics and Probability in Data Science using Python__UCSD-edX__2018']",Week​ ​2​ ​-​ ​Sets,https://www.youtube.com/playlist?list=PLP9YOa5MTwu27p1594aGMhF8pXC5cdCMF
474,['deploy'],Cloud Application Platform | Heroku__[deploy],https://www.heroku.com/home
475,['deploy'],sambong I | Pantheon Dashboard__[deploy],https://dashboard.pantheon.io/users/be2e2f57-f891-490a-ac97-c4dcb2010151#sites/list
476,['deploy'],Amazon Web Services (AWS) - Cloud Computing Services__[deploy],https://aws.amazon.com/?nc1=h_ls
477,['deploy'],IBM Q Experience__[deploy],https://quantumexperience.ng.bluemix.net/qx/experience
478,['dev-opinion'],Feed - Quora,https://www.quora.com/
479,"['Django', 'connect_to_MongoDB']",Django with MongoDB,https://code.djangoproject.com/wiki/NoSqlSupport
480,"['Django', 'connect_to_MongoDB']",Tutorial — Django MongoDB Engine,https://django-mongodb-engine.readthedocs.io/en/latest/tutorial.html
481,"['Ubuntu', 'Django']",package management - Message- Cannot find installed version of python-django or python3-django - Ask Ubuntu,https://askubuntu.com/questions/643417/message-cannot-find-installed-version-of-python-django-or-python3-django
482,['Django'],Django | Django | CS50W Courseware | edX,https://courses.edx.org/courses/course-v1:HarvardX+CS50W+Web/courseware/3b4d945d89eb40bcad81746770a81c3b/6bf9d46f806143c380af1ba8cb190d81/
483,['Django'],"Testing, CI/CD | Testing, CI/CD | CS50W Courseware | edX",https://courses.edx.org/courses/course-v1:HarvardX+CS50W+Web/courseware/3b4d945d89eb40bcad81746770a81c3b/59899efb8d1c4fcdbbc9af6adecd62cb/1?activate_block_id=block-v1%3AHarvardX%2BCS50W%2BWeb%2Btype%40vertical%2Bblock%40b9aff2e2ce024a3a9c1fc04a3e9654d1
484,['Django'],Django Tutorials for Beginners - YouTube,https://www.youtube.com/playlist?list=PL6gx4Cwl9DGBlmzzFcLgDhKTTfNLfX1IK
485,['Docker'],Enterprise Container Platform | Docker__[container],https://www.docker.com/
486,['Docker'],CI/CD | Docker__[container],https://www.docker.com/solutions/cicd
487,['Docker'],"Docker and the Three Ways of DevOps Author__John Willis, Docker__2015.pdf__[container]",https://goto.docker.com/rs/929-FJL-178/images/20150731-wp_docker-3-ways-devops.pdf
488,['Docker'],Docker setup on Server__Get Docker CE for Ubuntu | Docker Documentation__[container],https://docs.docker.com/install/linux/docker-ce/ubuntu/
489,['Drupal'],Drupal 8 Beginner Tutorials - the BEST Drupal videos__[web-framework],https://www.youtube.com/playlist?list=PLtaXuX0nEZk9MKY_ClWcPkGtOEGyLTyCO
490,['Drupal'],The Drupal 8 Site Building Class__[web-framework],https://www.youtube.com/playlist?list=PLtaXuX0nEZk9_p3OiVFV96FMQwPWklRiL
491,['Drupal'],Drupal 8 Basics__[web-framework],https://www.youtube.com/playlist?list=PLLnpHn493BHE9mfp6z5--UowO-6SOzcuI
492,['Express.js'],Express - Node.js web application framework__[web-framework],https://expressjs.com/
493,['Express.js'],request/request: 🏊🏾 Simplified HTTP request client.,https://github.com/request/request#forms
494,['Express.js'],"pugjs/pug: Pug – robust, elegant, feature rich template engine for Node.js",https://github.com/pugjs/pug
495,['Free-proxy'],"Free Proxy Lists - HTTP Proxy Servers (IP Address, Port)",http://www.freeproxylists.net/
496,['Free-proxy'],Free Proxy List - Just Checked Proxy List,https://free-proxy-list.net/
497,['Free-proxy'],Free Proxy List — HideMy.name (ex incloak.com),https://hidemyna.me/en/proxy-list/
498,['Google-Cloud-Platform'],GCP와 G Suite를 포함한 Google Cloud — 무료로 사용해 보기  |  Google Cloud__[deploy],https://cloud.google.com/
499,['Google-Cloud-Platform'],Quickstart for macOS  |  Cloud SDK Documentation  |  Google Cloud__[deploy],https://cloud.google.com/sdk/docs/quickstart-macos
500,['hacking'],https://kali.training/downloads/Kali-Linux-Revealed-1st-edition.pdf,https://kali.training/downloads/Kali-Linux-Revealed-1st-edition.pdf
501,['hacking'],Help for hacked sites - YouTube,https://www.youtube.com/playlist?list=PLKoqnv2vTMUPRM3BQ7U30FYmSSP0I_xyV
502,"['HTML,CSS']",20 Things I Learned About Browsers and the Web,http://www.20thingsilearned.com/en-US/html5/1
503,"['HTML,CSS']",Bloodguy :: [HTML5] canvas 브라우저 별 차이,http://bloodguy.tistory.com/433
504,"['HTML,CSS']","Bootstrap · The most popular HTML, CSS, and JS library in the world.",https://getbootstrap.com/
505,"['HTML,CSS']",Create a new fiddle - JSFiddle,https://jsfiddle.net/
506,"['HTML,CSS']",Home | jWebSocket,http://jwebsocket.org/
507,"['HTML,CSS']",HTML Cheat Sheet (Updated With New HTML5 Tags) - WebsiteSetup,https://websitesetup.org/html5-cheat-sheet/
508,"['HTML,CSS']",HTML5 & CSS3 - YouTube,https://www.youtube.com/playlist?list=PLieE0qnqO2kRmnv2us27qoCUl2wXJ9-Q0
509,"['HTML,CSS']",HTML5 UP! Responsive HTML5 and CSS3 Site Templates,https://html5up.net/
510,"['HTML,CSS']",https://upload.wikimedia.org/wikipedia/commons/7/7f/HTML5_APIs_and_related_technologies_taxonomy_and_status.svg,https://upload.wikimedia.org/wikipedia/commons/7/7f/HTML5_APIs_and_related_technologies_taxonomy_and_status.svg
511,"['HTML,CSS']",Sass: Syntactically Awesome Style Sheets,https://sass-lang.com/
512,"['HTML,CSS']",Style Scripter : 네이버 블로그 [canvas],https://blog.naver.com/98boy?Redirect=Log&logNo=130089788896
513,"['HTML,CSS']",Web Hypertext Application Technology Working Group (WHATWG),https://whatwg.org/
514,"['HTML,CSS']",Welcome to Jinja2 — Jinja2 Documentation (2.10),http://jinja.pocoo.org/docs/2.10/
515,"['HTML,CSS']",World Wide Web Consortium - Wikipedia,https://en.wikipedia.org/wiki/World_Wide_Web_Consortium
516,"['HTML,CSS']","Learn to code HTML, CSS, and JavaScript with Dash",https://dash.generalassemb.ly/
517,['Interview'],How to: Work at Google — Example Coding/Engineering Interview - YouTube,https://www.youtube.com/watch?v=XKu_SEDAykw&frags=pl%2Cwn
518,['JavaScript'],JavaScript Guide | MDN,https://developer.mozilla.org/en-US/docs/Web/JavaScript/Guide
519,['JavaScript'],JavaScript Garden,http://bonsaiden.github.io/JavaScript-Garden/ko/#object.general
520,['JavaScript'],JavaScript Tutorial,https://www.w3schools.com/js/default.asp
521,['JavaScript'],Learning JavaScript Design Patterns__Addy Osmani__2017,https://addyosmani.com/resources/essentialjsdesignpatterns/book/
522,['JavaScript'],"Don't use Array.forEach, use for() instead (Example)",https://coderwall.com/p/kvzbpa/don-t-use-array-foreach-use-for-instead
523,['KAKAO-SHOP'],Mega Body Pillow-Muzi,https://store.kakaofriends.com/en/products/2963
524,['KAKAO-SHOP'],Friends Land Steel Bottle-Muzi,https://store.kakaofriends.com/en/products/4807
525,['KAKAO-SHOP'],Friends Land Glitter-Muzi,https://store.kakaofriends.com/en/products/4790
526,['KAKAO-SHOP'],Spring Notebook-Friends Together,https://store.kakaofriends.com/en/products/4728
527,['KAKAO-SHOP'],Friends Head Knock Pen-Muzi,https://store.kakaofriends.com/en/products/2087
528,['KAKAO-SHOP'],Gel Pen-Muzi&Con,https://store.kakaofriends.com/en/products/44
529,['KAKAO-SHOP'],Volume Power Bank 5000mAh-Muzi,https://store.kakaofriends.com/en/products/4606
530,['KAKAO-SHOP'],Big Sweet Dream Plush-Little Muzi,https://store.kakaofriends.com/en/products/3971
531,['Korea'],KF포럼 강연 - YouTube,https://www.youtube.com/playlist?list=PLcLHEtFeespOepSQs8VXpIQdk-ygbgSTF
532,['Korea'],[한국문화] 세상에서 가장 쉬운 효 / [Korean Culture] The Easiest Way for Filial Piety_SP - YouTube,https://www.youtube.com/watch?v=2eN3BL5M_zI&list=PLP9YOa5MTwu1iQ_z77xUbZz4GEXI6gvUS
533,['Korea'],한류 - YouTube,https://www.youtube.com/playlist?list=PLP9YOa5MTwu3oBJn0vnVa_clH2EOu_YOb
534,['Machine-Learning'],파이썬 텐서플로우 & 머신러닝 기초 강좌 (TensorFlow Machine Learning Basic Tutorial) - YouTube,https://www.youtube.com/playlist?list=PLRx0vPvlEmdAbnmLH9yh03cw9UQU_o7PO
535,['Machine-Learning'],machine_learning_map __Choosing the right estimator__scikit-learn,http://scikit-learn.org/stable/tutorial/machine_learning_map/index.html
536,['MongoDB'],"The MongoDB GUI, IDE & Client for Professional Devs - Studio 3T",https://studio3t.com/
537,['NLP'],Lab #2: Document Similarity using NLTK and Scikit-Learn,https://www2.cs.duke.edu/courses/spring14/compsci290/assignments/lab02.html
538,['NLP'],Natural Language Processing (NLP)__Microsoft-edX-DEV288__2018,https://courses.edx.org/courses/course-v1:Microsoft+DEV288x+1T2018/course/
539,['NLP'],"Natural Language Processing with Python – Analyzing Text with the Natural Language Toolkit Steven Bird, Ewan Klein, and Edward Loper This version of the NLTK book is updated for Python 3 and NLTK 3",http://www.nltk.org/book/
540,['NLP'],nltk Package — NLTK 3.3 documentation,https://www.nltk.org/api/nltk.html
541,['Node.js'],[Node.js] 배우는 방법__Intelligence Convergence,http://mobicon.tistory.com/224
542,['Node.js'],4 JavaScript Design Patterns You Should Know ― Scotch.io,https://scotch.io/bar-talk/4-javascript-design-patterns-you-should-know
543,['Node.js'],여름으로 가는 문 - [node.js] 토요일밤에 node.js 동영상 함께 보기 이벤트!,http://blog.doortts.com/248
544,['Node.js'],bluesmoon/node-faststats: Quickly calculate statistics of a running stream of data,https://github.com/bluesmoon/node-faststats
545,['Node.js'],"Build a Project with GraphQL, Node, MongoDB and React.js - YouTube",https://www.youtube.com/playlist?list=PL55RiY5tL51rG1x02Yyj93iypUuHYXcB_
546,['Node.js'],Building a RESTful API with Node.js - YouTube,https://www.youtube.com/playlist?list=PL55RiY5tL51q4D-B63KBnygU6opNPFk_q
547,"['call_python', 'Node.js']","Code in Python, communicate in Node.js and Socket.IO, present in HTML - Stack Overflow",https://stackoverflow.com/questions/13848943/code-in-python-communicate-in-node-js-and-socket-io-present-in-html
548,"['call_python', 'Node.js']",extrabacon/python-shell: Run Python scripts from Node.js with simple (but efficient) inter-process communication through stdio,https://github.com/extrabacon/python-shell
549,"['call_python', 'Node.js']",node-python - npm,https://www.npmjs.com/package/node-python
550,"['call_python', 'Node.js']",Run node.js script with python | DevEngineering Inc.,http://www.devengineering.com/blog/testing/run-nodejs-script-python
551,['Node.js'],ConvNetJS: Deep Learning in your browser,https://cs.stanford.edu/people/karpathy/convnetjs/
552,['Node.js'],Inversion of Control Containers and the Dependency Injection pattern,https://martinfowler.com/articles/injection.html
553,['Node.js'],Javascript Module Patterns,https://www.slideshare.net/nicjansma/javascript-modulepatterns
554,['Node.js'],John R. Goodall :: Javascript statistics libraries,https://jgoodall.me/posts/2012/02/01/javascript-statistical-libraries/
555,['Node.js'],karpathy/recurrentjs: Deep Recurrent Neural Networks and LSTMs in Javascript. More generally also arbitrary expression graphs with automatic differentiation.__[Node.js],https://github.com/karpathy/recurrentjs
556,['Node.js'],koggdal/matrixmath: JavaScript library for working with mathematical matrices.,https://github.com/koggdal/matrixmath
557,['Node.js'],nathanpeck/standard-deviation-stream: A Node.js class for pulling stats from a stream.,https://github.com/nathanpeck/standard-deviation-stream
558,['Node.js'],node-stat - npm,https://www.npmjs.com/package/node-stat
559,['Node.js'],Node.js - Tutorial - Introduction - YouTube,https://www.youtube.com/watch?v=65a5QQ3ZR2g&list=PL55RiY5tL51oGJorjEgl6NVeDbx_fO5jR
560,['Node.js'],Node.JS Module Patterns,http://darrenderidder.github.io/talks/ModulePatterns/#/13/2
561,['Node.js'],Node.JS Module Patterns__using simple examples,http://darrenderidder.github.io/talks/ModulePatterns/#/
562,['Node.js'],Node.js Tutorial for Beginners: Learn Node in 1 Hour | Mosh - YouTube,https://www.youtube.com/watch?v=TlB_eWDSMt4
563,['Node.js'],Node.js: 비동기 프로그래밍 이해,http://www.nextree.co.kr/p7292/
564,['Node.js'],NodeSchool,https://nodeschool.io/
565,['Node.js'],npm 1.0: Global vs Local installation | Node.js,https://nodejs.org/en/blog/npm/npm-1-0-global-vs-local-installation/
566,"['parser', 'Node.js']","cheeriojs/cheerio: Fast, flexible, and lean implementation of core jQuery designed specifically for the server.",https://github.com/cheeriojs/cheerio
567,"['parser', 'Node.js']",SheetJS/js-xls: XLS (Excel 95-2004) + XML 2003 parser (now merged in http://github.com/sheetjs/js-xlsx ),https://github.com/SheetJS/js-xls
568,"['parser', 'Node.js']",SheetJS/js-xlsx: SheetJS Community Edition -- Spreadsheet Parser and Writer,https://github.com/SheetJS/js-xlsx
569,['Node.js'],"Realtime Web Stats Using Node.js, Socket.IO and Redis | Venu Anuganti Blog",http://venublog.com/2013/06/26/realtime-web-stats-using-node-js-socket-io-and-redis/
570,['Node.js'],Scraping the Web With Node.js ― Scotch.io,https://scotch.io/tutorials/scraping-the-web-with-node-js
571,['Node.js'],Server Side JavaScript (nodejs) - YouTube,https://www.youtube.com/playlist?list=PLuHgQVnccGMBnrdKRODJmbH7UZ2A48LBK
572,['Node.js'],Simple Statistics,https://simplestatistics.org/
573,['Node.js'],Stevey's Blog Rants: Execution in the Kingdom of Nouns,http://steve-yegge.blogspot.com/2006/03/execution-in-kingdom-of-nouns.html
574,['Node.js'],The Node Beginner Book (Korean version) » A comprehensive Node.js tutorial,https://www.nodebeginner.org/index-kr.html
575,['Node.js'],The Node Way - Dangerous Module Design Patterns,http://thenodeway.io/posts/dangerous-module-design-patterns/
576,['Node.js'],Understanding node.js » Debuggable - Node.js Consulting,http://debuggable.com/posts/understanding-node-js:4bd98440-45e4-4a9a-8ef7-0f7ecbdd56cb
577,"['Node.js', 'visualization']","charted-co/charted: A charting tool that produces automatic, shareable charts from any data file__[visualization,JavaScript]",https://github.com/charted-co/charted
578,['People'],노무현 - YouTube,https://www.youtube.com/playlist?list=PLP9YOa5MTwu1gSNxEuLcQ91CngEVJHHRV
579,['People'],문재인 - YouTube,https://www.youtube.com/playlist?list=PLP9YOa5MTwu2ugG0xdX2P5yawrCPb7Z35
580,['People'],이명박 - YouTube,https://www.youtube.com/playlist?list=PLP9YOa5MTwu2HttHJSa6lUeKLjgT6hpNU
581,['People'],안철수 - YouTube,https://www.youtube.com/playlist?list=PLP9YOa5MTwu38tYGzTdr1GeMn81tCMIEU
582,['People'],손석희 - YouTube,https://www.youtube.com/playlist?list=PLP9YOa5MTwu2DQgN0MB3BikDrMkGrZPho
583,['People'],안희정 - YouTube,https://www.youtube.com/playlist?list=PLP9YOa5MTwu1rXgJv9HHdn1UxAvSvNWIB
584,['People'],이재명 - YouTube,https://www.youtube.com/playlist?list=PLP9YOa5MTwu2lY6sS5LJn_VbN6RJg0inG
585,['People'],박근혜 - YouTube,https://www.youtube.com/playlist?list=PLP9YOa5MTwu39--5xYMAyF2T_e8TWE4Fj
586,['People'],Angelina Danilova - YouTube,https://www.youtube.com/channel/UCgefPRYwslh2Eynjwd30hcA
587,['People'],전희경과 자유의 힘 - YouTube,https://www.youtube.com/channel/UCerJ1TvjjxwOcju1V35gR2Q
588,['People'],손혜원 - YouTube,https://www.youtube.com/channel/UCEOCh5qXQull_Jsg5i0CIAA
589,['Projects'],Projects - Google Drive,https://drive.google.com/drive/folders/1jZ1Xf33Rnu6WQpMz3ct-qMka0Rk7f_7I
590,['Python'],개발환경구축 - Google Docs,https://docs.google.com/document/d/1dhEeoCwepELuSob7HI7shf911DYTaNCsXZIewtSub1g/edit#heading=h.d7y5k9gco24o
591,"['Python', 'debug']",python-debugger,https://atom.io/packages/python-debugger
592,"['Python', 'debug']",Debugging and Profiling — Python 3.7.2 documentation,https://docs.python.org/3/library/debug.html
593,"['Python', 'debug']",7. Input and Output — Python 3.7.2 documentation__[debug],https://docs.python.org/3/tutorial/inputoutput.html#tut-f-strings
594,['Python'],Flattening JSON objects in Python – Towards Data Science,https://towardsdatascience.com/flattening-json-objects-in-python-f5343c794b10
595,['Python'],Mr. Robot - The python approach - YouTube,https://www.youtube.com/watch?v=teeQrObYusY&list=WL&index=13&frags=pl%2Cwn
596,['Python'],PEP 8 -- Style Guide for Python Code | Python.org,https://www.python.org/dev/peps/pep-0008/#names-to-avoid
597,['Python'],psycopg2 - Python-PostgreSQL Database Adapter · PyPI,https://pypi.org/project/psycopg2/
598,['Python'],Python Circular Imports,https://stackabuse.com/python-circular-imports/
599,['Python'],scikit-learn: machine learning in Python — scikit-learn 0.20.2 documentation,https://scikit-learn.org/stable/
600,['Python'],Scrapy | A Fast and Powerful Scraping and Web Crawling Framework,https://scrapy.org/
601,['Python'],sys — System-specific parameters and functions — Python 3.7.1 documentation,https://docs.python.org/3/library/sys.html
602,['Python'],The definitivguide to solve the infamous Python exception__ModuleNotFoundError,https://www.daveoncode.com/2017/03/07/how-to-solve-python-modulenotfound-no-module-named-import-error/
603,['Python'],Top 20 Python libraries for data science in 2018 – ActiveWizards: machine learning company – Medium,https://medium.com/activewizards-machine-learning-company/top-20-python-libraries-for-data-science-in-2018-2ae7d1db8049
604,['Python'],Matplotlib: Python plotting — Matplotlib 3.0.2 documentation__[visualization],https://matplotlib.org/
605,['Python'],파이썬을 여행하는 히치하이커를 위한 안내서! — The Hitchhiker's Guide to Python,https://python-guide-kr.readthedocs.io/ko/latest/
606,['Python'],예제로 배우는 파이썬 프로그래밍 - Python DB API,http://pythonstudy.xyz/python/article/201-Python-DB-API
607,['Python'],The.Python.Standard.Library.by.Example__Doug.Hellmann(文字版).pdf,https://github.com/csrgxtu/maxent/blob/master/docs/%5BPython%E6%A0%87%E5%87%86%E5%BA%93%E7%A4%BA%E4%BE%8B%5D.(The.Python.Standard.Library.by.Example).Doug.Hellmann.%E6%96%87%E5%AD%97%E7%89%88.pdf
608,['Python'],대학원_강의노트__EXM - Google Docs,https://docs.google.com/document/d/1fDbN0SqKihrafSUhf1zBvLG3weGq4dlarkzB15kDP6g/edit#heading=h.mx38sd7l3d3c
609,['R'],UCLA R Seminar,https://stats.idre.ucla.edu/r/
610,['R'],"Google Drive__대학원_강의노트__EXM, BAN",https://drive.google.com/drive/folders/0B5MVOBCKNTfieUZjMTU1eDZVSHc
611,['R'],Neural Network_CRAN - Package neuralnet,https://cran.r-project.org/web/packages/neuralnet/index.html
612,['R'],R: Date-Time Classes,http://astrostatistics.psu.edu/su07/R/html/base/html/DateTimeClasses.html
613,['SEO-SEM'],Best SEO Tips and Tricks with #MattCutts - Video Tutorials for Beginners and Advanced Specialists - YouTube,https://www.youtube.com/playlist?list=PL2LPkUPszEPt_2mazvU7L12W7AWNdx8E-
614,['SQL'],MySQL workbench - Google Search,https://www.google.com/search?client=safari&rls=en&q=workbench&ie=UTF-8&oe=UTF-8
615,['TDD'],"Testing, CI/CD | Testing, CI/CD | CS50W Courseware | edX",https://courses.edx.org/courses/course-v1:HarvardX+CS50W+Web/courseware/3b4d945d89eb40bcad81746770a81c3b/59899efb8d1c4fcdbbc9af6adecd62cb/1?activate_block_id=block-v1%3AHarvardX%2BCS50W%2BWeb%2Btype%40vertical%2Bblock%40b9aff2e2ce024a3a9c1fc04a3e9654d1
616,['Tech'],5 Free Software That Are Actually Great! 2018 - YouTube,https://www.youtube.com/watch?v=qSa2UPDH2yc&index=31&list=WL&t=433s
617,['Tech'],Git - Downloading Package,https://git-scm.com/download/mac
618,['Tech'],"How to Record Your Windows, Mac, Linux, Android, or iPhone Screen",https://www.howtogeek.com/205742/how-to-record-your-windows-mac-linux-android-or-ios-screen/
619,['Tech'],"MS 오피스 2013 다운, 설치, 인증하기 with Microsoft Toolkit - YouTube",https://www.youtube.com/watch?v=9dYLDW45Yu8&list=PLP9YOa5MTwu1PTk8wLoYbfr24pi-580wT
620,['Tech'],Safari Technology Preview - Safari - Apple Developer,https://developer.apple.com/safari/technology-preview/
621,['Tech'],Silicon Valley Historical Association - YouTube,https://www.youtube.com/user/SCVHA/videos
622,['Tech'],This was CS50__Harvard University__Fall 2018,https://cs50.harvard.edu/college/
623,['template_engine'],Welcome | Jinja2 (The Python Template Engine),http://jinja.pocoo.org/
624,['text_editor'],"Sublime Text - A sophisticated text editor for code, markup and prose",http://www.sublimetext.com/
625,['text_editor'],vs code - Google Search,https://www.google.com/search?client=safari&rls=en&q=vs+code&ie=UTF-8&oe=UTF-8
626,['text_editor'],Atom,https://atom.io/
627,['text_editor'],Sublime Text vs Visual Studio Code vs Atom Performance Test (Dec 2016) | Untitled Blog__[comparison],https://blog.xinhong.me/post/sublime-text-vs-vscode-vs-atom-performance-dec-2016/
628,['text_editor'],iTerm2 - macOS Terminal Replacement,https://www.iterm2.com/
629,['Trump'],Trump speaks after historic summit with Kim Jong Un - YouTube,https://www.youtube.com/watch?v=RROHeHohNU8&list=PLP9YOa5MTwu2zvNLbvk4Mlm5jttpxlE8V
630,['Ubuntu'],UsingTheTerminal - Community Help Wiki,https://help.ubuntu.com/community/UsingTheTerminal?action=show&redirect=BasicCommands
631,['UPV'],MUGI 모임 - YouTube,https://www.youtube.com/playlist?list=PLP9YOa5MTwu37EXwfGSt9xFKNYAPttote
632,['UPV'],Tablas de reconocimiento de certificados oficiales de idiomas : Área de Centro de Lenguas : UPV,http://www.upv.es/entidades/ACDL/infoweb/cdl/info/847058normalc.html
633,['UPV'],Horarios y calendario : Biblioteca Central : UPV,http://www.upv.es/contenidos/BIBCENT/infoweb/bibcent/info/740364normalc.html
634,['UPV'],"Calendario Escolar 2017 - 2018 Comunidad Valenciana, Calendario Laboral, Levante-EMV",https://www.levante-emv.com/especiales/calendario-laboral/calendario-escolar-2017-2018/
635,['UPV'],Wi-fi sync for File Manager,http://192.168.1.129:8080/
636,['UPV'],대학원-입학지원 - Google Drive,https://drive.google.com/drive/folders/0B5MVOBCKNTfiR2hyNWxKRFpHX3c
637,['UPV'],행정업무 - Google Drive,https://drive.google.com/drive/folders/0B5MVOBCKNTfiZkpJSlE5VmtuRDQ
638,"['IMM', 'UPV']",대학원_IMM_수업자료 - YouTube,https://www.youtube.com/playlist?list=PLP9YOa5MTwu0Pr7hgqbutVlZgCRWK_T29
639,"['AWC', 'UPV']",PasoWineManOnVinoVariety - YouTube,https://www.youtube.com/watch?v=DfTaMzV4oFo&list=PLP9YOa5MTwu3CXjpS9BJaenChzWZR0n7L
640,"['AWC', 'UPV']",How to set up Goals in Analytics (7:32) - YouTube,https://www.youtube.com/watch?v=2Ke3-0Jsl-I&list=PLP9YOa5MTwu3CXjpS9BJaenChzWZR0n7L&index=2
641,"['AWC', 'UPV']",Tracking campaigns with URL Builder (4:37) - YouTube,https://www.youtube.com/watch?v=pNRgUq5sDhc&list=PLP9YOa5MTwu3CXjpS9BJaenChzWZR0n7L&index=3
642,"['AWC', 'UPV']",How to set up event tracking (5:00) - YouTube,https://www.youtube.com/watch?v=IqDEuTLVraA&index=4&list=PLP9YOa5MTwu3CXjpS9BJaenChzWZR0n7L
643,['UPV'],MUGI-강의자료 - Google Drive,https://drive.google.com/drive/folders/0B5MVOBCKNTfiNENRUzNhNy1yMzA
644,['UPV'],SEGURO VOLUNTARIO PARA ALUMNOS DE LA UPV,https://www.howdeniberia.com/seguro-voluntario-upv/
645,['UPV'],I-PORTFOLIO,http://dev-iportfolio.pantheonsite.io/node/1
646,['visualization'],Business Intelligence and Analytics Software__[visualization],https://www.tableau.com/
647,['visualization'],Modern Analytics Apps for the Enterprise - Plotly__[visualization],https://plot.ly/
648,['visualization'],Choosing a good chart - The Extreme Presentation(tm) Method__[visualization],https://extremepresentation.typepad.com/blog/2006/09/choosing_a_good.html
649,['visualization'],Visual Business Intelligence – Abela’s Folly – A Thought Confuser__[원본],https://www.perceptualedge.com/blog/?p=2080
